Yorum,Duygu,Kategori,Örnek Yanıt
"Berbat bir yer. Yemekler soğuktu, odalar pislik içinde.,,",Negatif,Genel,"Sayın Misafirimiz, otelimizde gerçekleştirdiğiniz konaklamanızın beklentilerinizin altında kalmasından dolayı derin bir üzüntü duyuyoruz. Yemeklerimizin sıcaklığı ve oda temizliği gibi konularda belirttiğiniz aksaklıklar ilgili departman müdürlerimize iletilmiş olup, gerekli düzeltici önlemler derhal alınmıştır. Sizleri gelecekte otelimizde tekrar ağırlayarak bu olumsuz deneyimi telafi etme fırsatını bizlere sunmanızı dileriz."
"Fena değildi, idare eder.  Daha iyi olabilirdi ama fiyat/performans normal.",Negatif,Genel,"Değerli Misafirimiz, konaklamanız hakkındaki geri bildiriminiz için teşekkür ederiz. Hizmet kalitemizi ve misafir deneyimimizi her geçen gün artırmak adına paylaştığınız görüşleri hassasiyetle değerlendireceğiz. Sizleri gelecekte otelimizde tekrar ağırlayarak beklentilerinizin çok daha üzerinde bir konaklama deneyimi sunmayı dileriz."
Harika bir deneyimdi!   Personel çok ilgiliydi... Herkese tavsiye ederim!!,Pozitif,Personel,"Sayın Misafirimiz, değerli vaktinizi ayırarak paylaştığınız bu harika geri bildirim için çok teşekkür ederiz. Ekibimizin gösterdiği yakın ilgi ve alakanın sizleri memnun etmesi bizleri son derece gururlandırdı. Sizleri en kısa sürede otelimizde tekrar ağırlamaktan büyük mutluluk duyacağız."
"Berbat bir yer. Yemekler soğuktu, odalar pislik içinde.,,",Negatif,Genel,"Sayın Misafirimiz, tesisimizde gerçekleştirdiğiniz konaklamanın ardından paylaştığınız geri bildirimler için teşekkür ederiz. Hizmet standartlarımızın son derece altında kalan yemek sıcaklığı ve oda temizliği konusundaki deneyimleriniz bizleri derhal harekete geçirmiştir. Bahsettiğiniz aksaklıkların hızla giderilmesi ve sizlere gelecekte hak ettiğiniz kalitede bir konaklama deneyimi sunabilmek adına ilgili departman yöneticilerimizle gerekli aksiyon planlarını başlattığımızı bilmenizi isteriz."
"Fena değildi, idare eder.  Daha iyi olabilirdi ama fiyat/performans normal.",Pozitif,Genel,"Sayın Misafirimiz, otelimizdeki konaklama deneyiminizle ilgili değerli geri bildirimleriniz için teşekkür ederiz. Sunduğumuz fiyat/performans dengesinin beklentinizi karşılamasından memnuniyet duyarken, hizmet standartlarımızı her zaman daha da yukarı taşımayı hedeflediğimizi belirtmek isteriz. Sizleri bir sonraki konaklamanızda çok daha kusursuz bir deneyimle ağırlamaktan mutluluk duyacağız."
Harika bir deneyimdi!   Personel çok ilgiliydi... Herkese tavsiye ederim!!,Pozitif,Personel,"Sayın Misafirimiz, otelimizde gerçekleştirdiğiniz konaklamaya dair bu harika geri bildiriminiz için içtenlikle teşekkür ederiz. Personelimizin gösterdiği ilgi ve profesyonelliğin sizleri memnun etmesi, tüm çalışma arkadaşlarımız için büyük bir motivasyon kaynağı olmuştur. Sizleri en kısa sürede otelimizde yeniden ağırlamaktan büyük bir mutluluk duyacağız."
"Berbat bir yer. Yemekler soğuktu, odalar pislik içinde.,,",Negatif,Genel,"Sayın Misafirimiz, konaklamanız süresince beklentilerinizi karşılayamadığımız ve sizi hayal kırıklığına uğrattığımız için derin bir üzüntü duyuyoruz. Yemeklerin sıcaklığı ve oda temizliği konusundaki geri bildirimleriniz ilgili departman yöneticilerimize iletilmiş olup, gerekli düzeltici önlemler derhal alınmıştır. Sizleri gelecekte standartlarımıza yakışır bir hizmetle tekrar ağırlayabilmeyi ve kendimizi affettirebilmeyi ümit ederiz."
"Fena değildi, idare eder.  Daha iyi olabilirdi ama fiyat/performans normal.",Negatif,Genel,"Sayın Misafirimiz, konaklama deneyiminize dair değerli geri bildirimlerinizi paylaştığınız için teşekkür ederiz. Fiyat/performans dengemizi makul bulmakla birlikte, hizmet standartlarımızı daha da yükseltmek amacıyla görüşlerinizi ilgili tüm departmanlarımızla paylaştık. Sizleri gelecekteki ziyaretlerinizde beklentilerinizin ötesinde bir hizmet kalitesiyle ağırlamaktan memnuniyet duyacağız."
Harika bir deneyimdi!   Personel çok ilgiliydi... Herkese tavsiye ederim!!,Pozitif,Personel,"Değerli Misafirimiz, otelimizde gerçekleştirdiğiniz konaklamaya dair bu harika geri bildiriminiz için içtenlikle teşekkür ederiz. Ekibimizin gösterdiği yakın ilgi ve alakanın sizleri memnun etmesi bizleri son derece gururlandırdı; güzel yorumlarınızı tüm çalışma arkadaşlarımızla paylaşacağız. Sizleri en kısa sürede otelimizde tekrar ağırlamaktan büyük bir mutluluk duyacağız."
"Berbat bir yer. Yemekler soğuktu, odalar pislik içinde.,,",Negatif,Genel,"Sayın Misafirimiz, otelimizdeki konaklamanıza dair geri bildiriminiz için teşekkür ederiz. Yemeklerimiz ve oda temizliğimiz konusunda beklentilerinizin gerisinde kalmış olmaktan dolayı derin bir üzüntü duyduğumuzu belirtmek isteriz; yaşadığınız bu olumsuz deneyimle ilgili gerekli aksiyonlar departman yöneticilerimiz tarafından ivedilikle alınmıştır. Sizleri gelecekte tekrar ağırlayarak standartlarımıza yakışır bir hizmet sunabilmeyi ve kendimizi affettirebilmeyi ümit ediyoruz."
"Fena değildi, idare eder.  Daha iyi olabilirdi ama fiyat/performans normal.",Negatif,Genel,"Sayın Misafirimiz, otelimizde gerçekleştirdiğiniz konaklamaya yönelik değerli geri bildiriminiz için teşekkür ederiz. Hizmet kalitemizi her geçen gün daha da artırmak ve sizlere her zaman en iyi deneyimi sunabilmek adına paylaştığınız görüşleri titizlikle değerlendireceğiz. Sizleri gelecekte beklentilerinizin çok daha üzerinde bir konaklama deneyimiyle tekrar ağırlamaktan mutluluk duyacağız."
Harika bir deneyimdi!   Personel çok ilgiliydi... Herkese tavsiye ederim!!,Pozitif,Personel,"Değerli Misafirimiz, otelimizde gerçekleştirdiğiniz konaklamadan memnun kalmanıza ve ekibimizin gösterdiği ilgiyi bu şekilde taçlandırmanıza çok mutlu olduk. Nazik geri bildiriminiz ve değerli tavsiyeniz için tüm çalışma arkadaşlarımız adına teşekkür ederiz. Sizleri en kısa sürede otelimizde yeniden ağırlamaktan büyük memnuniyet duyacağız."
"Fena değildi, idare eder.  Daha iyi olabilirdi ama fiyat/performans normal.",Negatif,Genel,"Sayın Misafirimiz, otelimiz hakkındaki değerli geri bildiriminiz için teşekkür ederiz. Hizmet kalitemizi her geçen gün artırmak adına görüşleriniz doğrultusunda gerekli geliştirmeleri yapacağımızı belirtmek isteriz. Bir sonraki konaklamanızda beklentilerinizin üzerinde bir deneyim sunabilmek ve sizleri otelimizde yeniden ağırlayabilmek dileğiyle."
Harika bir deneyimdi!   Personel çok ilgiliydi... Herkese tavsiye ederim!!,Pozitif,Personel,"Değerli Misafirimiz, otelimizde geçirdiğiniz sürenin harika bir deneyime dönüşmesinden ve ekibimizin gösterdiği ilgiden memnun kalmanızdan büyük mutluluk duyduk. Değerli tavsiyeniz ve bu nazik geri bildiriminiz için tüm çalışma arkadaşlarımız adına teşekkür ederiz. Sizleri en kısa sürede otelimizde tekrar ağırlamaktan onur duyacağız."
"Berbat bir yer. Yemekler soğuktu, odalar pislik içinde.,,",Negatif,Genel,"Sayın Misafirimiz, otelimizde gerçekleştirdiğiniz konaklamanız süresince sizleri memnun edememiş olmaktan dolayı derin bir üzüntü duyuyoruz. Yemek kalitesi ve oda temizliği konularındaki hassas geri bildirimleriniz ilgili departman yöneticilerimize iletilmiş ve gerekli aksiyonlar ivedilikle alınmıştır. Sizlere gelecekte standartlarımıza yakışır bir hizmet sunabilmek adına otelimizde sizi yeniden ağırlamaktan memnuniyet duyarız."
"Fena değildi, idare eder.  Daha iyi olabilirdi ama fiyat/performans normal.",Negatif,Genel,"Sayın Misafirimiz, değerli vaktinizi ayırarak konaklamanız hakkındaki geri bildirimlerinizi paylaştığınız için teşekkür ederiz. Beklentilerinizi daha üst seviyede karşılayabilmek ve sunduğumuz fiyat-performans dengesini sizler için daha memnuniyet verici hale getirmek adına hizmetlerimizi sürekli olarak gözden geçirmekteyiz. Sizleri gelecekte otelimizde yeniden ağırlayarak çok daha mükemmel bir deneyim sunmayı ümit ederiz."
Harika bir deneyimdi!   Personel çok ilgiliydi... Herkese tavsiye ederim!!,Pozitif,Personel,"Değerli Misafirimiz, otelimizde gerçekleştirdiğiniz konaklamanın harika bir deneyimle sonuçlanmasından ve ekibimizin yakın ilgisinden memnun kalmanızdan büyük mutluluk duyduk. Sizlerin bu değerli geri bildirimleri, tüm çalışma arkadaşlarımız için en büyük motivasyon kaynağı olmaktadır. En yakın zamanda sizleri otelimizde yeniden ağırlamaktan onur duyacağız."
"Berbat bir yer. Yemekler soğuktu, odalar pislik içinde.,,",Negatif,Genel,"Sayın Misafirimiz, otelimizde gerçekleştirdiğiniz konaklama deneyiminiz sırasında beklentilerinizi karşılayamadığımız için derin bir üzüntü duyuyoruz. Yemeklerimizin servis sıcaklığı ve oda temizliği standartlarımızla ilgili belirttiğiniz hususlar, gerekli aksiyonların hızla alınması adına ilgili departman müdürlerimize iletilmiştir. Sizlere gelecekte hak ettiğiniz kalitede bir hizmet sunabilmek ve kendimizi affettirebilmek adına sizleri otelimizde yeniden ağırlamayı ümit ederiz."
"Berbat bir yer. Yemekler soğuktu, odalar pislik içinde.,,",Negatif,Genel,"Sayın Misafirimiz, tesisimizde gerçekleştirdiğiniz konaklama sürecinde beklentilerinizi karşılayamadığımız ve sizleri hayal kırıklığına uğrattığımız için derin bir üzüntü duyuyoruz. Geri bildiriminiz doğrultusunda oda temizliği ve yemek sıcaklığı standartlarımızla ilgili gerekli denetimler ve düzeltici aksiyonlar ilgili departman müdürlerimiz tarafından ivedilikle başlatılmıştır. Sizleri gelecekte tekrar ağırlayarak bu olumsuz deneyimi telafi etmeyi ve sizlere hak ettiğiniz kalitede bir hizmet sunmayı çok isteriz."
"Fena değildi, idare eder.  Daha iyi olabilirdi ama fiyat/performans normal.",Pozitif,Genel,"Değerli Misafirimiz, konaklamanız hakkındaki geri bildiriminiz ve fiyat/performans değerlendirmeniz için teşekkür ederiz. Hizmet kalitemizi her geçen gün daha da yukarı taşımak adına paylaşımlarınızın bizler için yol gösterici olduğunu belirtmek isteriz. Sizleri gelecekte beklentilerinizin çok daha üzerinde bir deneyimle otelimizde yeniden ağırlamaktan memnuniyet duyacağız."
Harika bir deneyimdi!   Personel çok ilgiliydi... Herkese tavsiye ederim!!,Pozitif,Personel,"Sayın misafirimiz, değerli vaktinizi ayırıp harika geri bildiriminizi bizlerle paylaştığınız için içtenlikle teşekkür ederiz. Personelimizin ilgisinden ve otelimizde geçirdiğiniz konaklama deneyiminden memnun kalmış olmanız bizleri son derece gururlandırdı. Sizleri en kısa sürede yeniden otelimizde ağırlamaktan büyük mutluluk duyacağız."
"Berbat bir yer. Yemekler soğuktu, odalar pislik içinde.,,",Negatif,Genel,"Sayın misafirimiz, konaklamanız sırasında yaşadığınız olumsuz deneyimlerden dolayı içtenlikle özür dileriz. Yemek kalitesi ve oda hijyeni konularındaki geri bildirimleriniz ilgili departman müdürlerimize iletilmiş olup, gerekli aksiyonlar derhal alınmıştır. Sizleri gelecekte tekrar ağırlayarak telafi etme fırsatına sahip olmayı temenni ederiz."
"Fena değildi, idare eder.  Daha iyi olabilirdi ama fiyat/performans normal.",Pozitif,Genel,"Sayın Misafirimiz, otelimizde gerçekleştirdiğiniz konaklamanıza ilişkin değerli değerlendirmeleriniz için teşekkür ederiz. Hizmet ve deneyim kalitemizi her geçen gün artırmak adına görüşlerinizin bizler için çok kıymetli olduğunu belirtmek isteriz. Sizleri bir sonraki ziyaretinizde beklentilerinizin üzerinde bir konaklama deneyimiyle yeniden ağırlamaktan memnuniyet duyarız."
Harika bir deneyimdi!   Personel çok ilgiliydi... Herkese tavsiye ederim!!,Pozitif,Personel,"Sayın misafirimiz, otelimizde gerçekleştirdiğiniz konaklamadan memnun kaldığınızı ve ekibimizin ilgisinden mutluluk duyduğunuzu belirtmeniz bizleri çok gururlandırdı. Değerli yorumunuz ve içten tavsiyeniz için çok teşekkür ederiz. Sizleri en kısa sürede yeniden otelimizde ağırlamaktan büyük onur duyacağız."
"Berbat bir yer. Yemekler soğuktu, odalar pislik içinde.,,",Negatif,Genel,"Sayın misafirimiz, konaklamanız sırasında yaşadığınız olumsuz deneyimler nedeniyle derin üzüntü duyduğumuzu belirtmek isteriz. Yemeklerimizin sıcaklığı ve oda temizliği standartlarımızla ilgili ilettiğiniz hususlar, ilgili departman müdürlerimize iletilmiş olup gerekli aksiyonlar derhal alınmıştır. Sizleri tekrar ağırlayarak bu olumsuz izlenimi telafi edebilmeyi umuyoruz."
"Fena değildi, idare eder.  Daha iyi olabilirdi ama fiyat/performans normal.",Pozitif,Genel,"Sayın misafirimiz, otelimizdeki konaklamanıza ilişkin değerli görüşlerinizi bizimle paylaştığınız için teşekkür ederiz. Hizmet kalitemizi ve misafir deneyimimizi sürekli geliştirmek adına geri bildirimlerinizi dikkatle inceleyeceğimizden emin olabilirsiniz. Sizleri gelecekte beklentilerinizin çok daha üzerinde bir konaklama deneyimiyle yeniden ağırlamaktan memnuniyet duyarız."
Harika bir deneyimdi!   Personel çok ilgiliydi... Herkese tavsiye ederim!!,Pozitif,Personel,"Sayın Misafirimiz, değerli vaktinizi ayırıp bu harika geri bildirimi paylaştığınız için içtenlikle teşekkür ederiz. Ekibimizin ilgisinden ve otelimizde geçirdiğiniz süreden memnun kalmış olmanız bizleri son derece gururlandırdı. Sizleri en kısa sürede yeniden otelimizde ağırlamaktan büyük mutluluk duyacağız."
"Berbat bir yer. Yemekler soğuktu, odalar pislik içinde.,,",Negatif,Genel,"Sayın Misafirimiz, otelimizde gerçekleştirdiğiniz konaklama sırasında beklentilerinizi karşılayamamış olmaktan ve yaşadığınız olumsuzluklardan dolayı derin üzüntü duyuyoruz. Yemek kalitesi ve oda temizliği ile ilgili dile getirdiğiniz hususlar ilgili departman müdürlerimize iletilmiş olup, gerekli aksiyonlar derhal alınmıştır. Değerli geri bildiriminiz için teşekkür eder, sizlere hak ettiğiniz kalitede bir tatil deneyimi sunabilmek adına sizleri yeniden ağırlamayı dileriz."
"Fena değildi, idare eder.  Daha iyi olabilirdi ama fiyat/performans normal.",Negatif,Genel,"Sayın misafirimiz, vakit ayırıp otelimiz hakkındaki deneyimlerinizi bizimle paylaştığınız için teşekkür ederiz. Hizmet kalitemizi ve sunduğumuz deneyimi her geçen gün geliştirmek adına geri bildirimleriniz yönetim ekibimiz tarafından dikkatle değerlendirilmektedir. Sizleri gelecekte otelimizde yeniden ağırlayarak beklentilerinizin çok daha ötesinde bir konaklama yaşatmayı temenni ederiz."
Harika bir deneyimdi!   Personel çok ilgiliydi... Herkese tavsiye ederim!!,Pozitif,Personel,"Sayın Misafirimiz, otelimizde gerçekleştirdiğiniz konaklamanıza ilişkin bu değerli ve motive edici geri bildiriminiz için çok teşekkür ederiz. Ekibimizin ilgisinden ve sunduğumuz hizmet kalitesinden memnun kaldığınızı görmek bizleri son derece mutlu etti. Sizleri en kısa sürede yeniden otelimizde ağırlamaktan onur duyarız."
"Berbat bir yer. Yemekler soğuktu, odalar pislik içinde.,,",Negatif,Genel,"Sayın misafirimiz, konaklamanız sırasında karşılaştığınız olumsuz deneyimler nedeniyle derin üzüntü duyduğumuzu belirtmek isteriz. Yemek ve temizlik standartlarımızla ilgili geri bildirimleriniz, hizmet kalitemizi artırmak adına ilgili departman yöneticilerimiz tarafından derhal incelemeye alınmıştır. Yaşattığımız aksaklıkları telafi edebilmek ve beklentilerinize uygun bir hizmet sunabilmek adına sizleri gelecekte otelimizde yeniden ağırlamaktan memnuniyet duyarız."
"Fena değildi, idare eder.  Daha iyi olabilirdi ama fiyat/performans normal.",Pozitif,Genel,"Sayın misafirimiz, otelimizde gerçekleştirdiğiniz konaklamaya ilişkin değerli değerlendirmeleriniz için teşekkür ederiz. Hizmet standartlarımızı ve misafir memnuniyetini her geçen gün daha da yukarıya taşımak adına görüşlerinizin bizim için çok kıymetli olduğunu belirtmek isteriz. Sizleri gelecekte beklentilerinizin çok daha ötesinde bir deneyimle yeniden ağırlamaktan memnuniyet duyarız."
Harika bir deneyimdi!   Personel çok ilgiliydi... Herkese tavsiye ederim!!,Pozitif,Personel,"Sayın misafirimiz, otelimizde gerçekleştirdiğiniz konaklamaya dair bu harika geri bildiriminiz için içtenlikle teşekkür ederiz. Personelimizin ilgisinden memnun kalmış olmanız ve tesisimizi tavsiye etmeniz tüm ekibimizi gururlandırdı. Sizleri en kısa sürede otelimizde yeniden ağırlamaktan büyük mutluluk duyacağız."
"Berbat bir yer. Yemekler soğuktu, odalar pislik içinde.,,",Negatif,Genel,"Sayın Misafirimiz, konaklamanız sırasında yemek kalitesi ve oda temizliği hususlarında yaşadığınız olumsuz deneyimler nedeniyle derin üzüntü duyuyoruz. Geri bildirimleriniz ilgili departman müdürlerimize iletilmiş olup, standartlarımızın sağlanması adına gerekli düzeltici aksiyonlar derhal başlatılmıştır. Yaşanan bu durumu telafi edebilmek ve sizlere hak ettiğiniz kalitede bir hizmet sunabilmek adına bizimle iletişime geçmenizi rica ederiz."
"Fena değildi, idare eder.  Daha iyi olabilirdi ama fiyat/performans normal.",Pozitif,Genel,"Sayın Misafirimiz, değerli zamanınızı ayırarak otelimiz hakkındaki değerlendirmelerinizi paylaştığınız için teşekkür ederiz. Hizmet kalitemizi ve fiyat-performans dengemizi her geçen gün daha da geliştirmek adına geri bildiriminiz ilgili departmanlarımızla paylaşılmıştır. Sizleri bir sonraki konaklamanızda beklentilerinizin çok daha üzerinde bir deneyimle ağırlamaktan mutluluk duyacağız."
"Berbat bir yer. Yemekler soğuktu, odalar pislik içinde.,,",Negatif,Genel,"Sayın misafirimiz, değerli vaktinizi ayırıp geri bildiriminizi bizlerle paylaştığınız için teşekkür ederiz. Konaklamanız sırasında yemek kalitesi ve oda temizliği konularında yaşadığınız olumsuz deneyimler nedeniyle derin üzüntü duyduğumuzu belirtmek isteriz. İlettiğiniz hususlar ilgili departman müdürlerimize aktarılmış olup, hizmet standartlarımızın iyileştirilmesi adına gerekli aksiyonlar derhal alınmıştır."
"Fena değildi, idare eder.  Daha iyi olabilirdi ama fiyat/performans normal.",Pozitif,Genel,"Sayın misafirimiz, otelimizde gerçekleştirdiğiniz konaklamanıza ilişkin değerli görüşlerinizi bizimle paylaştığınız için teşekkür ederiz. Hizmet kalitemizi ve misafir memnuniyetini her zaman daha üst seviyelere taşımak amacıyla geri bildirimlerinizi dikkatle değerlendirmekteyiz. Bir sonraki ziyaretinizde beklentilerinizin çok daha üzerinde bir konaklama deneyimi sunabilmek dileğiyle, sizleri yeniden ağırlamaktan memnuniyet duyarız."
Harika bir deneyimdi!   Personel çok ilgiliydi... Herkese tavsiye ederim!!,Pozitif,Personel,"Sayın misafirimiz, değerli vaktinizi ayırıp bu harika geri bildirimi bizimle paylaştığınız için içtenlikle teşekkür ederiz. Personelimizin ilgisinden ve otelimizde yaşadığınız deneyimden memnun kalmanız bizleri ziyadesiyle mutlu etti. Sizleri en kısa sürede yeniden tesisimizde ağırlamaktan büyük onur duyarız."
"Berbat bir yer. Yemekler soğuktu, odalar pislik içinde.,,",Negatif,"Yemek, Temizlik","Sayın misafirimiz, otelimizde yaşadığınız olumsuz deneyim ve ilettiğiniz geri bildirimler için derin üzüntü duyduğumuzu belirtmek isteriz. Bahsettiğiniz hijyen ve yemek sıcaklığı konularındaki aksaklıklar standartlarımıza kesinlikle uymamakta olup, ilgili departman müdürlerimizle derhal inceleme başlatılmıştır. Yaşanan bu durumu telafi edebilmek ve sizlere daha iyi bir hizmet sunabilmek adına detayları görüşmek üzere sizinle iletişime geçmek isteriz."
"Fena değildi, idare eder.  Daha iyi olabilirdi ama fiyat/performans normal.",Pozitif,Genel,"Sayın misafirimiz, değerli vaktinizi ayırarak konaklama deneyiminizi bizimle paylaştığınız için teşekkür ederiz. Fiyat-performans dengemizden memnun kalmanıza sevinmekle birlikte, beklentilerinizi daha da yukarıya taşıyabilmek adına hizmet kalitemizi sürekli geliştirmeye devam ediyoruz. Sizleri bir sonraki ziyaretinizde daha mükemmel bir deneyimle ağırlamaktan mutluluk duyacağız."
"Fena değildi, idare eder.  Daha iyi olabilirdi ama fiyat/performans normal.",Pozitif,Genel,"Sayın Misafirimiz, konaklamanızla ilgili değerli görüşlerinizi paylaştığınız için teşekkür ederiz. Hizmet standartlarımızı daha üst seviyelere taşımak adına geri bildirimleriniz bizler için çok kıymetlidir. Sizleri tekrar ağırlamaktan memnuniyet duyarız."
Harika bir deneyimdi!   Personel çok ilgiliydi... Herkese tavsiye ederim!!,Pozitif,Personel,"Sayın Misafirimiz, otelimizde konakladığınız süre boyunca memnuniyet duymuş olmanızdan büyük mutluluk duyuyoruz. Nazik sözleriniz ve personelimize yönelik övgüleriniz için teşekkür eder, sizi tekrar ağırlamayı heyecanla bekleriz."
"Berbat bir yer. Yemekler soğuktu, odalar pislik içinde.,,",Negatif,Genel,"Sayın Misafirimiz, konaklamanız boyunca yaşadığınız olumsuz deneyimler için içtenlikle özür dileriz. Yemek ve temizlik standartlarımıza dair geri bildirimleriniz ilgili birimlerimize iletilmiş olup gerekli iyileştirmeler hızla başlatılmıştır. Sizleri gelecekte yeniden ağırlayarak size hak ettiğiniz kaliteli hizmeti sunmayı çok isteriz."
"Fena değildi, idare eder.  Daha iyi olabilirdi ama fiyat/performans normal.",Negatif,Genel,"Sayın Misafirimiz, konaklamanızla ilgili değerli görüşlerinizi paylaştığınız için teşekkür ederiz. Deneyiminizi mükemmelleştirmek ve size daha üstün bir hizmet sunmak adına geri bildirimlerinizi titizlikle değerlendireceğiz. Sizleri tekrar ağırlamaktan memnuniyet duyarız."
Harika bir deneyimdi!   Personel çok ilgiliydi... Herkese tavsiye ederim!!,Pozitif,Personel,"Sayın misafirimiz, değerli vaktinizi ayırıp nazik yorumlarınızı paylaştığınız için teşekkür ederiz. Personelimizin ilgisinden memnun kalmış olmanız bizleri çok mutlu etti; sizleri en kısa sürede tekrar ağırlamayı heyecanla bekliyoruz."
"Berbat bir yer. Yemekler soğuktu, odalar pislik içinde.,,",Negatif,Genel,"Sayın Misafirimiz, konaklamanız sırasında yaşadığınız olumsuz deneyimler için derin üzüntü duyuyoruz. Yemek ve temizlik standartlarımızla ilgili geri bildirimleriniz ilgili birimlerimize iletilmiş olup gerekli iyileştirmeler ivedilikle başlatılmıştır. Sizi gelecekte tekrar ağırlayarak bu durumu telafi etmeyi dileriz."
"Fena değildi, idare eder.  Daha iyi olabilirdi ama fiyat/performans normal.",Pozitif,Genel,"Sayın misafirimiz, konaklamanızla ilgili geri bildiriminiz için teşekkür ederiz. Sizlere daha mükemmel bir deneyim sunabilmek adına görüşlerinizi dikkatle değerlendireceğiz. Sizi tekrar ağırlamaktan memnuniyet duyarız."
Harika bir deneyimdi!   Personel çok ilgiliydi... Herkese tavsiye ederim!!,Pozitif,Personel,"Sayın Misafirimiz, nazik sözleriniz ve değerli geri bildiriminiz için içtenlikle teşekkür ederiz. Ekibimizin size sunduğu hizmetten memnun kalmış olmanız bizleri çok mutlu etti; sizi tekrar ağırlamaktan memnuniyet duyacağız."
"Berbat bir yer. Yemekler soğuktu, odalar pislik içinde.,,",Negatif,Genel,"Sayın Misafirimiz, konaklamanız süresince yaşadığınız olumsuz deneyimler için derin üzüntü duyuyor ve içtenlikle özür diliyoruz. Yemek ve temizlik standartlarımızla ilgili geri bildirimleriniz ilgili departman yöneticilerimize iletilmiş olup gerekli düzeltici faaliyetler başlatılmıştır. Sizleri tekrar ağırlayarak standartlarımızı kanıtlamayı ve bu olumsuzluğu telafi etmeyi çok isteriz."
"Fena değildi, idare eder.  Daha iyi olabilirdi ama fiyat/performans normal.",Pozitif,Genel,"Sayın Misafirimiz, konaklamanız sonrası değerli vaktinizi ayırarak görüşlerinizi paylaştığınız için teşekkür ederiz. Sizlere daha kusursuz bir deneyim sunabilmek adına geri bildirimlerinizi dikkatle değerlendiriyoruz. Sizleri en kısa sürede tekrar ağırlamaktan memnuniyet duyarız."
Harika bir deneyimdi!   Personel çok ilgiliydi... Herkese tavsiye ederim!!,Pozitif,Personel,"Sayın Misafirimiz, otelimizde geçirdiğiniz süreden memnun kalmış olmanızdan ve ekibimiz hakkındaki nazik sözlerinizden büyük mutluluk duyduk. Geri bildirimlerinizi ilgili departmanımızla paylaşacağız. Sizleri en kısa sürede tekrar ağırlamak dileğiyle."
"Berbat bir yer. Yemekler soğuktu, odalar pislik içinde.,,",Negatif,Genel,"Sayın Misafirimiz, konaklamanız sırasında yaşadığınız olumsuz deneyimler için içtenlikle özür dileriz. Belirttiğiniz eksiklikler ilgili departman yöneticilerimize iletilmiş olup gerekli iyileştirmeler ivedilikle başlatılmıştır. Sizleri tekrar ağırlayarak standartlarımızı kanıtlamayı dileriz."
"Fena değildi, idare eder.  Daha iyi olabilirdi ama fiyat/performans normal.",Pozitif,Genel,"Sayın Misafirimiz, değerli vaktinizi ayırıp görüşlerinizi paylaştığınız için teşekkür ederiz. Konaklamanız süresince fiyat/performans dengesinden memnun kalmış olmanız bizleri mutlu etti. Hizmet kalitemizi daha da yukarı taşımak adına geri bildirimlerinizi dikkatle değerlendirecek, sizi tekrar ağırlamaktan memnuniyet duyacağız."
Harika bir deneyimdi!   Personel çok ilgiliydi... Herkese tavsiye ederim!!,Pozitif,Personel,"Sayın Misafirimiz, nazik geri bildiriminiz ve tavsiyeniz için içtenlikle teşekkür ederiz. Personelimizin size sunduğu hizmetten memnun kalmış olmanız bizleri çok mutlu etti. Sizi en kısa sürede tekrar ağırlamaktan memnuniyet duyacağız."
"Berbat bir yer. Yemekler soğuktu, odalar pislik içinde.,,",Negatif,Genel,"Sayın Misafirimiz, konaklamanız sırasında yaşadığınız olumsuz deneyimler için içtenlikle özür dileriz. Geri bildirimleriniz ilgili departmanlarımıza iletilmiş olup, hizmet kalitemizi artırmak adına gerekli önlemler ivedilikle alınacaktır. Sizi gelecekte tekrar ağırlayarak bu durumu telafi etmeyi dileriz."
"Fena değildi, idare eder.  Daha iyi olabilirdi ama fiyat/performans normal.",Pozitif,Genel,"Sayın Misafirimiz, değerli vaktinizi ayırıp görüşlerinizi paylaştığınız için teşekkür ederiz. Sizlere daha kusursuz bir deneyim sunabilmek adına geri bildirimlerinizi dikkatle değerlendireceğiz. Sizleri tekrar ağırlamaktan memnuniyet duyarız."
Harika bir deneyimdi!   Personel çok ilgiliydi... Herkese tavsiye ederim!!,Pozitif,Personel,"Sayın Misafirimiz, değerli geri bildirimleriniz için teşekkür ederiz. Ekibimizin size sunduğu hizmetten memnun kalmış olmanız bizleri çok mutlu etti; nazik sözlerinizi ilgili personelimizle paylaşacağız. Sizleri tekrar ağırlamayı heyecanla bekliyoruz."
"Berbat bir yer. Yemekler soğuktu, odalar pislik içinde.,,",Negatif,Genel,"Sayın Misafirimiz, konaklamanız sırasında yaşadığınız olumsuz deneyimler ve standartlarımızın altında kalan hizmetlerimiz için derin üzüntü duyuyoruz. Yemek ve temizlik konusundaki geri bildirimleriniz ilgili departman yöneticilerimize iletilmiş olup gerekli düzeltici önlemler hızla alınmıştır. Sizleri tekrar ağırlayarak gerçek hizmet kalitemizi kanıtlamayı çok isteriz."
"Fena değildi, idare eder.  Daha iyi olabilirdi ama fiyat/performans normal.",Pozitif,Genel,"Sayın misafirimiz, değerli vaktinizi ayırarak görüşlerinizi paylaştığınız için teşekkür ederiz. Sizleri tekrar ağırlamak ve deneyiminizi çok daha üst seviyeye taşımak için sabırsızlanıyoruz."
Harika bir deneyimdi!   Personel çok ilgiliydi... Herkese tavsiye ederim!!,Pozitif,Personel,"Sayın Misafirimiz, nazik sözleriniz ve değerli tavsiyeniz için içtenlikle teşekkür ederiz. Ekibimizin sizlere yardımcı olabilmiş olması bizleri çok mutlu etti. Sizleri en kısa sürede tekrar ağırlamaktan onur duyarız."
"Berbat bir yer. Yemekler soğuktu, odalar pislik içinde.,,",Negatif,Genel,"Sayın Misafirimiz, tesisimizde yaşadığınız olumsuz deneyimler için derin üzüntü duyduğumuzu belirtmek isteriz. Geri bildirimleriniz ilgili departmanlarımıza iletilmiş olup, hizmet kalitemizi artırmak adına gerekli önlemler ivedilikle alınacaktır. Sizi tekrar ağırlayarak bu durumu telafi etme şansı bulmayı dileriz."
"Fena değildi, idare eder.  Daha iyi olabilirdi ama fiyat/performans normal.",Negatif,Genel,"Sayın Misafirimiz, konaklamanızla ilgili paylaştığınız değerli görüşleriniz için teşekkür ederiz. Deneyiminizi daha üst seviyeye taşımak adına geri bildirimlerinizi titizlikle değerlendireceğimizi belirtmek isteriz. Sizi en kısa sürede tekrar ağırlamaktan mutluluk duyarız."
Harika bir deneyimdi!   Personel çok ilgiliydi... Herkese tavsiye ederim!!,Pozitif,Personel,"Sayın Misafirimiz, nazik yorumlarınız ve değerli tavsiyeniz için içtenlikle teşekkür ederiz. Ekibimizin size hissettirdiği memnuniyet bizler için en büyük motivasyon kaynağıdır; sizi tekrar ağırlamaktan mutluluk duyarız."
"Berbat bir yer. Yemekler soğuktu, odalar pislik içinde.,,",Negatif,Genel,"Sayın Misafirimiz, konaklamanız sırasında yaşadığınız olumsuz deneyimler için derin üzüntü duyduğumuzu belirtmek isteriz. Geri bildirimleriniz ilgili departman yöneticilerimize iletilmiş olup, hizmet standartlarımızı yükseltmek adına gerekli önlemler hızla alınacaktır."
"Fena değildi, idare eder.  Daha iyi olabilirdi ama fiyat/performans normal.",Negatif,Genel,"Sayın Misafirimiz, değerli vaktinizi ayırarak görüşlerinizi paylaştığınız için teşekkür ederiz. Sizlere daha mükemmel bir konaklama deneyimi sunabilmek adına geri bildirimlerinizi dikkatle değerlendireceğiz. Sizleri tekrar ağırlamaktan memnuniyet duyarız."
Harika bir deneyimdi!   Personel çok ilgiliydi... Herkese tavsiye ederim!!,Pozitif,Personel,"Sayın misafirimiz, nazik yorumlarınız ve bizi tavsiye ettiğiniz için teşekkür ederiz. Personelimiz hakkındaki güzel geri bildirimlerinizi kendileriyle paylaşmaktan mutluluk duyacağız. Sizi tekrar ağırlamayı heyecanla bekliyoruz."
"Berbat bir yer. Yemekler soğuktu, odalar pislik içinde.,,",Negatif,Genel,"Sayın Misafirimiz, konaklamanız sırasında yaşadığınız olumsuz deneyimler için derin üzüntülerimizi bildiririz. Yemek ve temizlik konusundaki geri bildirimleriniz ilgili departman sorumlularımızla paylaşılmış olup gerekli iyileştirmeler ivedilikle yapılacaktır. Sizleri tekrar ağırlayarak hizmet standartlarımızı kanıtlamayı dileriz."
"Fena değildi, idare eder.  Daha iyi olabilirdi ama fiyat/performans normal.",Negatif,Genel,"Sayın misafirimiz, değerli vaktinizi ayırıp görüşlerinizi paylaştığınız için teşekkür ederiz. Deneyiminizi daha üst seviyeye taşımak adına geri bildirimleriniz bizim için çok kıymetlidir; sizi tekrar ağırlayarak beklentilerinizi tam anlamıyla karşılamayı arzu ederiz."
Harika bir deneyimdi!   Personel çok ilgiliydi... Herkese tavsiye ederim!!,Pozitif,Personel,"Sayın misafirimiz, nazik geri bildirimleriniz ve değerli tavsiyeniz için teşekkür ederiz. Ekibimizin size sunduğu hizmetten memnun kalmanız bizleri çok mutlu etti. Sizi en kısa sürede tekrar ağırlamayı heyecanla bekliyoruz."
"Berbat bir yer. Yemekler soğuktu, odalar pislik içinde.,,",Negatif,Genel,"Sayın Misafirimiz, konaklamanız süresince yaşadığınız olumsuz deneyimler için derin üzüntü duyuyor ve içtenlikle özür diliyoruz. Belirttiğiniz hususlar ilgili departman yöneticilerimize iletilmiş olup, hizmet kalitemizi artırmak adına gerekli önlemler ivedilikle alınacaktır. Sizi gelecekte tekrar ağırlayarak gerçek standartlarımızı sunmayı dileriz."
"Fena değildi, idare eder.  Daha iyi olabilirdi ama fiyat/performans normal.",Pozitif,Genel,"Sayın Misafirimiz, konaklamanızla ilgili değerli geri bildiriminiz için teşekkür ederiz. Deneyiminizin genel olarak memnuniyet verici olması bizi mutlu etti; sizlere daha mükemmel bir hizmet sunabilmek adına gelişim alanlarımızı dikkatle değerlendireceğiz. Sizleri tekrar ağırlamaktan memnuniyet duyarız."
Harika bir deneyimdi!   Personel çok ilgiliydi... Herkese tavsiye ederim!!,Pozitif,Personel,"Sayın Misafirimiz, nazik yorumlarınız ve bizi tercih ettiğiniz için teşekkür ederiz. Personelimiz hakkındaki memnuniyetinizi duymak bizleri çok mutlu etti; bu değerli geri bildiriminizi ilgili ekibimizle paylaşacağız. Sizleri en kısa sürede tekrar ağırlamak dileğiyle."
"Berbat bir yer. Yemekler soğuktu, odalar pislik içinde.,,",Negatif,Genel,"Sayın Misafirimiz, konaklamanız sırasında yaşadığınız olumsuz deneyimler için derin üzüntülerimizi bildiririz. Yemek ve temizlik standartlarımızla ilgili geri bildirimleriniz ilgili departmanlarımıza iletilmiş olup, gerekli iyileştirmeler ivedilikle başlatılmıştır."
"Fena değildi, idare eder.  Daha iyi olabilirdi ama fiyat/performans normal.",Pozitif,Genel,"Sayın Misafirimiz, konaklamanız sonrası değerli vaktinizi ayırıp görüşlerinizi paylaştığınız için teşekkür ederiz. Sizlere çok daha mükemmel bir deneyim sunabilmek adına geri bildirimlerinizi dikkatle değerlendireceğiz. Bir sonraki ziyaretinizde sizi çok daha mutlu etmeyi arzu ederiz."
Harika bir deneyimdi!   Personel çok ilgiliydi... Herkese tavsiye ederim!!,Pozitif,Personel,"Sayın Misafirimiz, değerli vaktinizi ayırıp bu güzel yorumu paylaştığınız için teşekkür ederiz. Personelimizin ilgisinden memnun kalmanız bizleri çok mutlu etti; bu nazik geri bildiriminizi ilgili ekibimizle memnuniyetle paylaşacağız. Sizi en kısa sürede tekrar ağırlamak dileğiyle."
"Berbat bir yer. Yemekler soğuktu, odalar pislik içinde.,,",Negatif,Genel,"Sayın Misafirimiz, konaklamanız sırasında yaşadığınız olumsuz deneyimler için içtenlikle özür dileriz. Geri bildirimleriniz ilgili departmanlarımıza iletilmiş olup gerekli iyileştirmeler ivedilikle başlatılmıştır. Sizleri gelecekte tekrar ağırlayarak gerçek hizmet standartlarımızı sunmayı dileriz."
"Fena değildi, idare eder.  Daha iyi olabilirdi ama fiyat/performans normal.",Pozitif,Genel,"Sayın Misafirimiz, konaklamanızla ilgili değerli görüşlerinizi paylaştığınız için teşekkür ederiz. Sizlere daha mükemmel bir deneyim sunabilmek adına geri bildirimlerinizi dikkatle değerlendireceğiz. Sizleri tekrar ağırlamaktan memnuniyet duyarız."
Harika bir deneyimdi!   Personel çok ilgiliydi... Herkese tavsiye ederim!!,Pozitif,Personel,"Sayın Misafirimiz, otelimizi tercih ettiğiniz ve değerli vaktinizi ayırarak nazik yorumlarınızı paylaştığınız için teşekkür ederiz. Personelimizin size yardımcı olabilmiş olması bizleri çok mutlu etti; sizi tekrar ağırlamaktan onur duyarız."
"Berbat bir yer. Yemekler soğuktu, odalar pislik içinde.,,",Negatif,Genel,"Sayın Misafirimiz, konaklamanız sırasında yaşadığınız olumsuz deneyimler için derin üzüntülerimizi bildiririz. Yemek ve temizlik standartlarımızla ilgili geri bildirimlerinizi ilgili departman yöneticilerimize ilettik ve gerekli düzeltici faaliyetleri başlattık. Sizi gelecekte tekrar ağırlayarak standartlarımızı kanıtlamayı çok isteriz."
"Fena değildi, idare eder.  Daha iyi olabilirdi ama fiyat/performans normal.",Pozitif,Genel,"Sayın misafirimiz, konaklamanızla ilgili değerli geri bildiriminiz için teşekkür ederiz. Sizlere daha mükemmel bir deneyim sunabilmek adına gelişim alanlarımızı titizlikle inceleyeceğiz. Sizleri tekrar ağırlamaktan memnuniyet duyarız."
Harika bir deneyimdi!   Personel çok ilgiliydi... Herkese tavsiye ederim!!,Pozitif,Personel,"Sayın Misafirimiz, otelimizde konakladığınız süre boyunca personelimizin ilgisinden memnun kalmış olmanız bizi çok mutlu etti. Nazik geri bildiriminiz ve tavsiyeleriniz için teşekkür ederiz. Sizleri tekrar ağırlamayı heyecanla bekliyoruz."
"Berbat bir yer. Yemekler soğuktu, odalar pislik içinde.,,",Negatif,Genel,"Sayın misafirimiz, konaklamanız sırasında yaşadığınız olumsuz deneyimler için içtenlikle özür dileriz. Geri bildirimleriniz ilgili departmanlarımıza iletilmiş olup, hizmet kalitemizi artırmak adına gerekli önlemler ivedilikle alınacaktır."
"Fena değildi, idare eder.  Daha iyi olabilirdi ama fiyat/performans normal.",Pozitif,Genel,"Sayın misafirimiz, konaklamanızla ilgili değerli görüşlerinizi paylaştığınız için teşekkür ederiz. Sizlere her zaman daha mükemmel bir deneyim sunabilmek adına geri bildirimlerinizi titizlikle değerlendireceğiz. Sizi tekrar ağırlamaktan mutluluk duyarız."
Harika bir deneyimdi!   Personel çok ilgiliydi... Herkese tavsiye ederim!!,Pozitif,Personel,"Sayın Misafirimiz, nazik yorumlarınız ve değerli tavsiyeniz için teşekkür ederiz. Ekibimizin size yardımcı olabilmiş olması bizleri çok mutlu etmiştir; sizi tekrar ağırlamayı heyecanla bekliyoruz."
"Berbat bir yer. Yemekler soğuktu, odalar pislik içinde.,,",Negatif,Genel,"Sayın Misafirimiz, konaklamanız sırasında yaşadığınız olumsuz deneyimler için derin üzüntülerimizi bildiririz. Yemek ve temizlik konusundaki geri bildirimleriniz ilgili departmanlarımıza iletilmiş olup gerekli iyileştirmeler ivedilikle başlatılmıştır. Sizleri gelecekte tekrar ağırlayarak standartlarımızı kanıtlamayı dileriz."
"Fena değildi, idare eder.  Daha iyi olabilirdi ama fiyat/performans normal.",Pozitif,Genel,"Sayın Misafirimiz, konaklamanızla ilgili değerli görüşlerinizi paylaştığınız için teşekkür ederiz. Sizlere daha kusursuz bir deneyim sunabilmek adına hizmet kalitemizi geliştirmeye devam ediyoruz. Sizleri tekrar ağırlamaktan memnuniyet duyarız."
Harika bir deneyimdi!   Personel çok ilgiliydi... Herkese tavsiye ederim!!,Pozitif,Personel,"Sayın Misafirimiz, değerli vaktinizi ayırarak paylaştığınız nazik yorumlarınız için içtenlikle teşekkür ederiz. Ekibimizin size sunduğu hizmetten memnun kalmış olmanız bizleri çok mutlu etti; sizi en kısa sürede tekrar ağırlamak dileğiyle."
"Berbat bir yer. Yemekler soğuktu, odalar pislik içinde.,,",Negatif,Genel,"Sayın Misafirimiz, konaklamanız süresince yaşadığınız aksaklıklar ve memnuniyetsizliğiniz için içtenlikle özür dileriz. Geri bildirimleriniz kalite standartlarımızı yükseltmek adına ilgili departmanlarımıza iletilmiş olup gerekli önlemler ivedilikle alınacaktır. Sizleri gelecekte tekrar ağırlayarak sizlere kusursuz bir deneyim sunmayı arzu ederiz."
"Fena değildi, idare eder.  Daha iyi olabilirdi ama fiyat/performans normal.",Pozitif,Genel,"Sayın Misafirimiz, değerli vaktinizi ayırıp görüşlerinizi bizimle paylaştığınız için teşekkür ederiz. Deneyiminizi daha mükemmel hale getirmek ve size her açıdan kusursuz bir konaklama sunabilmek adına geri bildirimlerinizi dikkatle değerlendireceğiz. Sizleri tekrar otelimizde ağırlamaktan mutluluk duyarız."
Harika bir deneyimdi!   Personel çok ilgiliydi... Herkese tavsiye ederim!!,Pozitif,Personel,"Sayın Misafirimiz, değerli vaktinizi ayırıp nazik geri bildirimlerinizi paylaştığınız için teşekkür ederiz. Ekibimizin ilgisinden ve hizmet kalitemizden memnun kalmış olmanız bizler için en büyük motivasyon kaynağıdır. Sizleri en kısa sürede tekrar ağırlamaktan mutluluk duyarız."
"Berbat bir yer. Yemekler soğuktu, odalar pislik içinde.,,",Negatif,Genel,"Sayın Misafirimiz, konaklamanız sırasında yaşadığınız olumsuz deneyimler için derin üzüntülerimizi sunarız. Geri bildirimleriniz ilgili departmanlarımıza iletilmiş olup, hizmet standartlarımızı iyileştirmek adına gerekli tüm önlemler ivedilikle alınacaktır. Sizleri gelecekte tekrar ağırlayarak bu durumu telafi etmeyi dileriz."
"Fena değildi, idare eder.  Daha iyi olabilirdi ama fiyat/performans normal.",Pozitif,Genel,"Sayın Misafirimiz, konaklamanız sonrası değerli görüşlerinizi paylaştığınız için teşekkür ederiz. Sizlere daha mükemmel bir deneyim sunabilmek adına geri bildirimlerinizi titizlikle değerlendireceğiz. Sizleri tekrar ağırlamaktan memnuniyet duyarız."
Harika bir deneyimdi!   Personel çok ilgiliydi... Herkese tavsiye ederim!!,Pozitif,Personel,"Sayın Misafirimiz, nazik yorumlarınız ve tavsiyeniz için içtenlikle teşekkür ederiz. Ekibimizin size sunduğu hizmetten memnun kalmış olmanız bizler için büyük bir mutluluk kaynağıdır. Sizleri tekrar ağırlamayı heyecanla bekliyoruz."
"Berbat bir yer. Yemekler soğuktu, odalar pislik içinde.,,",Nötr,Genel,"Sayın Misafirimiz, konaklamanız sırasında yaşadığınız olumsuz deneyimler için derin üzüntü duyuyoruz. Yemek ve temizlik konusundaki geri bildirimleriniz ilgili departman yöneticilerimize iletilmiş olup, gerekli düzeltici faaliyetler ivedilikle başlatılmıştır. Sizleri gelecekte tekrar ağırlayarak standartlarımızı kanıtlamayı dileriz."
"Fena değildi, idare eder.  Daha iyi olabilirdi ama fiyat/performans normal.",Pozitif,Genel,"Sayın Misafirimiz, değerli geri bildiriminiz için teşekkür ederiz. Sizlere sunduğumuz hizmet kalitesini daha üst seviyelere taşımak adına önerilerinizi dikkatle değerlendireceğiz. Sizi yeniden ağırlamaktan memnuniyet duyarız."
Harika bir deneyimdi!   Personel çok ilgiliydi... Herkese tavsiye ederim!!,Pozitif,Personel,"Sayın misafirimiz, değerli geri bildiriminiz ve nazik tavsiyeleriniz için teşekkür ederiz. Ekibimizin size sunduğu hizmetten memnun kalmış olmanız bizleri çok mutlu etti. Sizleri en kısa sürede tekrar ağırlamayı heyecanla bekliyoruz."
"Berbat bir yer. Yemekler soğuktu, odalar pislik içinde.,,",Negatif,Genel,"Sayın Misafirimiz, konaklamanız sırasında yaşadığınız olumsuz deneyimler için derin üzüntü duyuyor ve sizden içtenlikle özür diliyoruz. Yemek ve temizlik konusundaki geri bildirimleriniz ilgili departman yöneticilerimize iletilmiş olup, hizmet standartlarımızı yükseltmek adına gerekli önlemler ivedilikle alınmıştır. Sizleri gelecekte tekrar ağırlayarak bu hatalarımızı telafi etmeyi çok isteriz."
"Fena değildi, idare eder.  Daha iyi olabilirdi ama fiyat/performans normal.",Negatif,Genel,"Sayın Misafirimiz, konaklamanızla ilgili geri bildiriminiz için teşekkür ederiz. Sizlere daha kusursuz bir deneyim sunabilmek adına hizmet kalitemizi geliştirmeye devam ediyoruz. Bir sonraki ziyaretinizde sizi çok daha memnun ayrılırken görmeyi temenni ederiz."
Harika bir deneyimdi!   Personel çok ilgiliydi... Herkese tavsiye ederim!!,Pozitif,Personel,"Sayın Misafirimiz, değerli vaktinizi ayırıp bu güzel geri bildirimi paylaştığınız için teşekkür ederiz. Personelimizin size hissettirdiği memnuniyet bizler için en büyük motivasyon kaynağıdır. Sizleri en kısa sürede tekrar otelimizde ağırlamaktan mutluluk duyarız."
"Berbat bir yer. Yemekler soğuktu, odalar pislik içinde.,,",Negatif,Genel,"Sayın Misafirimiz, konaklamanız sırasında yaşadığınız olumsuz deneyimler için derin üzüntü duyuyoruz. Belirttiğiniz hususlar ilgili departmanlarımıza iletilmiş olup gerekli önlemler ivedilikle alınacaktır. Sizleri tekrar ağırlayarak hizmet kalitemizi kanıtlamayı dileriz."
"Fena değildi, idare eder.  Daha iyi olabilirdi ama fiyat/performans normal.",Negatif,Genel,"Sayın misafirimiz, değerli vaktinizi ayırıp geri bildirimde bulunduğunuz için teşekkür ederiz. Fiyat-performans dengemizi makul bulmanız bizleri mutlu etse de, deneyiminizi mükemmelleştirmek adına görüşlerinizi dikkatle değerlendireceğiz. Sizleri gelecekte çok daha yüksek bir memnuniyet seviyesinde ağırlamayı dileriz."
Harika bir deneyimdi!   Personel çok ilgiliydi... Herkese tavsiye ederim!!,Pozitif,Personel,"Sayın Misafirimiz, otelimizde geçirdiğiniz deneyimden memnun kalmanız ve ekibimizin ilgisinden dolayı mutluluk duymanız bizi çok sevindirdi. Değerli tavsiyeleriniz ve nazik yorumlarınız için teşekkür eder, sizi tekrar ağırlamayı dört gözle bekleriz."
"Berbat bir yer. Yemekler soğuktu, odalar pislik içinde.,,",Negatif,Genel,"Sayın Misafirimiz, konaklamanız sırasında yaşadığınız olumsuz deneyimler için içtenlikle özür dileriz. Belirttiğiniz hususlar ilgili departmanlarımıza iletilmiş olup gerekli iyileştirmeler ivedilikle başlatılmıştır. Sizleri tekrar ağırlayarak gerçek hizmet kalitemizi kanıtlamayı dileriz."
"Fena değildi, idare eder.  Daha iyi olabilirdi ama fiyat/performans normal.",Pozitif,Genel,"Sayın Misafirimiz, değerli vaktinizi ayırıp görüşlerinizi paylaştığınız için teşekkür ederiz. Sizlere daha kusursuz bir konaklama deneyimi sunabilmek adına geri bildirimlerinizi titizlikle değerlendireceğiz. Sizi yeniden ağırlamaktan memnuniyet duyarız."
Harika bir deneyimdi!   Personel çok ilgiliydi... Herkese tavsiye ederim!!,Pozitif,Personel,"Sayın misafirimiz, değerli vaktinizi ayırarak paylaştığınız nazik yorumlarınız için teşekkür ederiz. Ekibimizin size sunduğu hizmetten memnun kalmış olmanız bizleri çok mutlu etti; bu güzel geri bildiriminizi tüm personelimizle paylaşacağız. Sizleri en kısa sürede tekrar ağırlamak dileğiyle."
"Berbat bir yer. Yemekler soğuktu, odalar pislik içinde.,,",Negatif,Genel,"Sayın Misafirimiz, konaklamanız süresince yaşadığınız memnuniyetsizlikler için içtenlikle özür dileriz. Yemek ve temizlik standartlarımızla ilgili geri bildirimlerinizi ivedilikle ilgili departmanlarımıza ilettik ve gerekli önlemleri başlattık. Sizleri gelecekte yeniden ağırlayarak size gerçek hizmet kalitemizi kanıtlamayı çok isteriz."
"Fena değildi, idare eder.  Daha iyi olabilirdi ama fiyat/performans normal.",Pozitif,Genel,"Sayın Misafirimiz, konaklamanızla ilgili değerli görüşlerinizi paylaştığınız için teşekkür ederiz. Sizlere daha mükemmel bir deneyim sunabilmek adına geri bildirimlerinizi titizlikle değerlendireceğiz. Sizleri tekrar ağırlamaktan memnuniyet duyarız."
Harika bir deneyimdi!   Personel çok ilgiliydi... Herkese tavsiye ederim!!,Pozitif,Personel,"Sayın Misafirimiz, otelimizde konakladığınız süre boyunca ekibimizin ilgisinden memnun kalmış olmanız bizleri çok mutlu etti. Değerli tavsiyeleriniz ve nazik geri bildiriminiz için teşekkür eder, sizleri en kısa sürede tekrar ağırlamayı dileriz."
"Berbat bir yer. Yemekler soğuktu, odalar pislik içinde.,,",Negatif,Genel,"Sayın misafirimiz, yaşadığınız olumsuz deneyimler için derin üzüntü duyduğumuzu belirtmek isteriz. Yemek ve temizlik konusundaki geri bildirimlerinizi ilgili departmanlarımıza ileterek gerekli iyileştirmeleri derhal başlattık. Sizleri tekrar ağırlayarak standartlarımızı kanıtlamayı çok isteriz."
"Fena değildi, idare eder.  Daha iyi olabilirdi ama fiyat/performans normal.",Pozitif,Genel,"Sayın Misafirimiz, konaklamanızla ilgili değerli geri bildiriminiz için teşekkür ederiz. Hizmet kalitemizi daha da yukarı taşımak adına görüşlerinizi dikkatle değerlendireceğiz. Sizi tekrar ağırlamaktan memnuniyet duyarız."
Harika bir deneyimdi!   Personel çok ilgiliydi... Herkese tavsiye ederim!!,Pozitif,Personel,"Sayın Misafirimiz, değerli vaktinizi ayırıp bu nazik yorumu paylaştığınız için teşekkür ederiz. Ekibimizin size yardımcı olabilmiş olması ve deneyiminizden memnun kalmanız bizleri çok mutlu etti. Sizi en kısa sürede tekrar ağırlamayı heyecanla bekliyoruz."
"Berbat bir yer. Yemekler soğuktu, odalar pislik içinde.,,",Negatif,Genel,"Sayın Misafirimiz, konaklamanız sırasında yaşadığınız olumsuz deneyimler için derin üzüntü duyduğumuzu belirtmek isteriz. Geri bildirimleriniz ilgili departman yöneticilerimizle paylaşılmış olup, hizmet standartlarımızı yükseltmek adına gerekli önlemler hızla alınacaktır. Sizi tekrar ağırlayarak bu eksiklikleri telafi etmeyi çok isteriz."
"Fena değildi, idare eder.  Daha iyi olabilirdi ama fiyat/performans normal.",Pozitif,Genel,"Sayın Misafirimiz, konaklamanız sonrası değerli görüşlerinizi paylaştığınız için teşekkür ederiz. Sizlere daha mükemmel bir deneyim sunabilmek adına geri bildirimlerinizi dikkatle değerlendireceğiz. Sizleri tekrar ağırlamaktan memnuniyet duyarız."
Harika bir deneyimdi!   Personel çok ilgiliydi... Herkese tavsiye ederim!!,Pozitif,Personel,"Sayın Misafirimiz, nazik geri bildiriminiz ve değerli tavsiyeleriniz için içtenlikle teşekkür ederiz. Personelimizin size yardımcı olabilmiş olması bizleri çok mutlu etti; sizleri en kısa sürede tekrar ağırlamaktan onur duyarız."
"Berbat bir yer. Yemekler soğuktu, odalar pislik içinde.,,",Negatif,Genel,"Sayın Misafirimiz, konaklamanız sırasında yaşadığınız olumsuz deneyimler için derin üzüntü duyuyoruz. Belirttiğiniz hususlar ilgili departmanlarımıza iletilmiş olup, hizmet kalitemizi artırmak adına gerekli önlemler ivedilikle alınacaktır. Sizi gelecekte tekrar ağırlayarak size kusursuz bir deneyim sunmayı dileriz."
"Fena değildi, idare eder.  Daha iyi olabilirdi ama fiyat/performans normal.",Pozitif,Genel,"Sayın Misafirimiz, konaklamanız sonrası değerli görüşlerinizi paylaştığınız için teşekkür ederiz. Deneyiminizi daha da iyileştirmek ve size kusursuz bir hizmet sunmak adına geri bildirimlerinizi dikkatle değerlendireceğiz. Sizleri tekrar ağırlamaktan memnuniyet duyarız."
Harika bir deneyimdi!   Personel çok ilgiliydi... Herkese tavsiye ederim!!,Pozitif,Personel,"Sayın misafirimiz, nazik sözleriniz ve tavsiyeniz için teşekkür ederiz. Ekibimizin size sunduğu hizmetten memnun kalmış olmanız bizleri çok mutlu etti; sizi tekrar ağırlamayı heyecanla bekliyoruz."
"Berbat bir yer. Yemekler soğuktu, odalar pislik içinde.,,",Negatif,Genel,"Sayın Misafirimiz, konaklamanız sırasında yaşadığınız olumsuz deneyimler için içtenlikle özür dileriz. Geri bildirimleriniz ilgili departmanlarımıza iletilmiş olup, hizmet kalitemizi artırmak adına gerekli önlemler ivedilikle alınacaktır. Sizi tekrar ağırlayarak size standartlarımıza uygun, kusursuz bir deneyim sunmayı dileriz."
"Fena değildi, idare eder.  Daha iyi olabilirdi ama fiyat/performans normal.",Pozitif,Genel,"Sayın Misafirimiz, konaklamanızla ilgili değerli geri bildiriminiz için teşekkür ederiz. Sizlere daha üstün bir deneyim sunabilmek adına hizmet kalitemizi geliştirmeye devam ediyoruz. Sizi tekrar ağırlamaktan memnuniyet duyarız."
Harika bir deneyimdi!   Personel çok ilgiliydi... Herkese tavsiye ederim!!,Pozitif,Personel,"Sayın Misafirimiz, değerli yorumlarınız ve nazik tavsiyeleriniz için çok teşekkür ederiz. Ekibimizin ilgisinden memnun kalmış olmanız bizleri oldukça mutlu etti. Sizi en kısa sürede tekrar ağırlamayı sabırsızlıkla bekliyoruz."
"Berbat bir yer. Yemekler soğuktu, odalar pislik içinde.,,",Negatif,Genel,"Sayın misafirimiz, konaklamanız sırasında yaşadığınız olumsuz deneyimler için derin üzüntü duyuyoruz. Belirttiğiniz aksaklıklar ilgili departmanlarımıza iletilmiş olup, hizmet kalitemizi artırmak adına gerekli önlemler ivedilikle alınacaktır. Sizleri tekrar ağırlayarak bu durumu telafi etmeyi dileriz."
"Fena değildi, idare eder.  Daha iyi olabilirdi ama fiyat/performans normal.",Pozitif,Genel,"Sayın misafirimiz, konaklamanız sonrası değerli görüşlerinizi paylaştığınız için teşekkür ederiz. Sizlere daha kusursuz bir deneyim sunabilmek adına geri bildirimlerinizi dikkatle değerlendireceğiz. Sizleri tekrar ağırlamaktan memnuniyet duyarız."
Harika bir deneyimdi!   Personel çok ilgiliydi... Herkese tavsiye ederim!!,Pozitif,Personel,"Sayın Misafirimiz, nazik geri bildiriminiz ve tavsiyeniz için teşekkür ederiz. Ekibimizin size yardımcı olabilmiş olması bizleri çok mutlu etti. Sizleri en kısa sürede tekrar ağırlamak dileğiyle."
"Berbat bir yer. Yemekler soğuktu, odalar pislik içinde.,,",Negatif,Genel,"Sayın Misafirimiz, konaklamanız sırasında yaşadığınız olumsuz deneyimler için derin üzüntü duyuyor ve sizden içtenlikle özür diliyoruz. İlettiğiniz geri bildirimler ilgili departmanlarımıza aktarılmış olup, hizmet kalitemizi yükseltmek adına gerekli tüm önlemler ivedilikle alınacaktır. Sizleri gelecekte tekrar ağırlayarak bu olumsuzluğu telafi etmeyi çok isteriz."
"Fena değildi, idare eder.  Daha iyi olabilirdi ama fiyat/performans normal.",Negatif,Genel,"Sayın Misafirimiz, konaklamanızla ilgili değerli geri bildirimleriniz için teşekkür ederiz. Sizlere daha mükemmel bir deneyim sunabilmek adına hizmet kalitemizi geliştirmeye devam ediyoruz. Sizleri en kısa sürede tekrar ağırlayarak memnuniyetinizi artırmayı dileriz."
Harika bir deneyimdi!   Personel çok ilgiliydi... Herkese tavsiye ederim!!,Pozitif,Personel,"Sayın Misafirimiz, değerli vaktinizi ayırarak paylaştığınız nazik yorumlarınız için teşekkür ederiz. Personelimizin size hissettirdiği memnuniyet bizler için en büyük motivasyon kaynağıdır; sizi tekrar ağırlamaktan mutluluk duyarız."
"Berbat bir yer. Yemekler soğuktu, odalar pislik içinde.,,",Negatif,Genel,"Sayın Misafirimiz, konaklamanız sırasında yaşadığınız olumsuz deneyimler için derin üzüntü duyduğumuzu belirtmek isteriz. Yemek ve temizlik konusundaki geri bildirimleriniz ilgili departman yöneticilerimize iletilmiş olup, gerekli iyileştirmeler ivedilikle yapılacaktır. Sizleri tekrar ağırlayarak hizmet kalitemizi kanıtlamayı çok isteriz."
"Fena değildi, idare eder.  Daha iyi olabilirdi ama fiyat/performans normal.",Negatif,Genel,"Sayın Misafirimiz, değerli vaktinizi ayırıp görüşlerinizi paylaştığınız için teşekkür ederiz. Sizlere daha mükemmel bir deneyim sunabilmek adına geri bildirimlerinizi dikkatle değerlendireceğiz. Bir sonraki ziyaretinizde beklentilerinizi tam anlamıyla karşılamayı diliyoruz."
Harika bir deneyimdi!   Personel çok ilgiliydi... Herkese tavsiye ederim!!,Pozitif,Personel,"Sayın misafirimiz, nazik yorumlarınız ve bizi tavsiye ettiğiniz için içtenlikle teşekkür ederiz. Ekibimizin size sunduğu hizmetten memnun kalmanız bizleri çok mutlu etti. Sizi tekrar ağırlamayı heyecanla bekliyoruz."
"Berbat bir yer. Yemekler soğuktu, odalar pislik içinde.,,",Negatif,Genel,"Sayın Misafirimiz, konaklamanız süresince yaşadığınız olumsuz deneyimler için içtenlikle özür dileriz. Belirttiğiniz eksiklikler ilgili departman yöneticilerimize iletilmiş olup gerekli iyileştirmeler ivedilikle başlatılmıştır. Sizi tekrar ağırlayarak size hak ettiğiniz kalite standartlarını sunmayı çok isteriz."
"Fena değildi, idare eder.  Daha iyi olabilirdi ama fiyat/performans normal.",Pozitif,Genel,"Sayın Misafirimiz, konaklamanızla ilgili değerli görüşlerinizi paylaştığınız için teşekkür ederiz. Sizlere sunduğumuz deneyimi daha da iyileştirmek ve beklentilerinizi tam anlamıyla karşılamak adına geri bildirimlerinizi dikkatle değerlendireceğiz. Sizleri tekrar ağırlamaktan mutluluk duyarız."
Harika bir deneyimdi!   Personel çok ilgiliydi... Herkese tavsiye ederim!!,Pozitif,Personel,"Sayın Misafirimiz, değerli vaktinizi ayırıp görüşlerinizi paylaştığınız için teşekkür ederiz. Personelimiz hakkındaki nazik sözleriniz tüm ekibimiz için büyük bir motivasyon kaynağı olmuştur; sizi tekrar ağırlamayı heyecanla bekliyoruz."
"Berbat bir yer. Yemekler soğuktu, odalar pislik içinde.,,",Negatif,Genel,"Sayın Misafirimiz, konaklamanız sırasında yaşadığınız olumsuz deneyimler için derin üzüntülerimizi bildiririz. Yemek ve temizlik standartlarımıza dair geri bildirimleriniz ilgili departmanlara iletilmiş olup gerekli iyileştirmeler ivedilikle başlatılmıştır. Sizleri gelecekte yeniden ağırlayarak kendimizi affettirmeyi ve sizlere gerçek hizmet kalitemizi sunmayı dileriz."
"Fena değildi, idare eder.  Daha iyi olabilirdi ama fiyat/performans normal.",Negatif,Genel,"Sayın Misafirimiz, konaklamanız sonrası değerli görüşlerinizi paylaştığınız için teşekkür ederiz. Hizmet standartlarımızı daha üst seviyeye taşımak adına geri bildirimlerinizi dikkatle değerlendireceğiz. Sizleri tekrar ağırlayarak çok daha memnuniyet verici bir deneyim yaşatmayı dileriz."
Harika bir deneyimdi!   Personel çok ilgiliydi... Herkese tavsiye ederim!!,Pozitif,Personel,"Sayın misafirimiz, değerli vaktinizi ayırıp bu nazik yorumu paylaştığınız için teşekkür ederiz. Personelimizin size sunduğu hizmetten memnun kalmış olmanız bizleri çok mutlu etti. Sizi en kısa sürede tekrar ağırlamayı dört gözle bekliyoruz."
"Berbat bir yer. Yemekler soğuktu, odalar pislik içinde.,,",Negatif,Genel,"Sayın Misafirimiz, konaklamanız süresince yaşadığınız olumsuz deneyimler için derin üzüntü duyduğumuzu belirtmek isteriz. Yemek ve temizlik standartlarımızla ilgili geri bildirimleriniz ilgili departman yöneticilerimize iletilmiş olup gerekli önlemler ivedilikle alınacaktır. Sizleri tekrar ağırlayarak hizmet kalitemizi kanıtlamayı çok isteriz."
"Fena değildi, idare eder.  Daha iyi olabilirdi ama fiyat/performans normal.",Pozitif,Genel,"Sayın Misafirimiz, değerli vaktinizi ayırıp görüşlerinizi paylaştığınız için teşekkür ederiz. Sizlere daha yüksek standartlarda bir deneyim sunabilmek adına hizmet kalitemizi geliştirmeye devam ediyoruz. Sizleri tekrar ağırlamaktan memnuniyet duyarız."
Harika bir deneyimdi!   Personel çok ilgiliydi... Herkese tavsiye ederim!!,Pozitif,Personel,"Sayın Misafirimiz, değerli vaktinizi ayırıp bu nazik yorumunuzu paylaştığınız için içtenlikle teşekkür ederiz. Ekibimizin sizlere hissettirdiği memnuniyet bizler için en büyük motivasyon kaynağıdır. Sizi en kısa sürede tekrar ağırlamaktan mutluluk duyarız."
"Berbat bir yer. Yemekler soğuktu, odalar pislik içinde.,,",Negatif,Genel,"Sayın Misafirimiz, konaklamanız sırasında yaşadığınız olumsuz deneyimler için derin üzüntü duyuyoruz. Yemek kalitesi ve temizlik standartlarımızla ilgili geri bildirimleriniz ilgili birimlere iletilmiş olup gerekli iyileştirmeler ivedilikle yapılacaktır. Sizleri tekrar ağırlayarak hizmet kalitemizi kanıtlama fırsatı bulmayı dileriz."
"Fena değildi, idare eder.  Daha iyi olabilirdi ama fiyat/performans normal.",Pozitif,Genel,"Sayın Misafirimiz, değerli vaktinizi ayırarak görüşlerinizi paylaştığınız için teşekkür ederiz. Deneyiminizin genel olarak beklentilerinizi karşılamış olması bizleri memnun etti; hizmet kalitemizi daha da yukarı taşımak adına geri bildirimlerinizi dikkatle değerlendireceğiz."
Harika bir deneyimdi!   Personel çok ilgiliydi... Herkese tavsiye ederim!!,Pozitif,Personel,"Sayın misafirimiz, değerli vaktinizi ayırıp görüşlerinizi paylaştığınız için teşekkür ederiz. Personelimiz hakkındaki nazik sözleriniz bizleri çok mutlu etti; sizi tekrar ağırlamaktan büyük memnuniyet duyarız."
"Berbat bir yer. Yemekler soğuktu, odalar pislik içinde.,,",Negatif,Genel,"Sayın misafirimiz, tesisimizde yaşadığınız olumsuz deneyimler için derin üzüntü duyduğumuzu belirtmek isterim. Belirttiğiniz eksiklikler ilgili departmanlarımıza iletilmiş olup gerekli iyileştirmeler ivedilikle hayata geçirilecektir. Sizleri tekrar ağırlayarak standartlarımızı kanıtlamayı dileriz."
"Fena değildi, idare eder.  Daha iyi olabilirdi ama fiyat/performans normal.",Pozitif,Genel,"Sayın Misafirimiz, konaklamanızla ilgili değerli geri bildirimleriniz için teşekkür ederiz. Sizlere daha mükemmel bir deneyim sunabilmek adına hizmet kalitemizi geliştirmeye yönelik çalışmalarımıza devam ediyoruz. Bir sonraki ziyaretinizde sizi tekrar ağırlamaktan mutluluk duyarız."
Harika bir deneyimdi!   Personel çok ilgiliydi... Herkese tavsiye ederim!!,Pozitif,Personel,"Sayın Misafirimiz, konaklamanız süresince ekibimizin ilgisinden memnun kalmış olmanız bizleri çok mutlu etti. Nazik yorumlarınız ve tavsiyeleriniz için teşekkür eder, sizleri en kısa sürede tekrar ağırlamayı dileriz."
"Berbat bir yer. Yemekler soğuktu, odalar pislik içinde.,,",Negatif,Genel,"Sayın Misafirimiz, konaklamanız sırasında yaşadığınız olumsuz deneyimler için derin üzüntü duyduğumuzu belirtmek isteriz. Geri bildirimleriniz ilgili departmanlarımıza iletilmiş olup gerekli önlemler hızla alınacaktır. Sizleri tekrar ağırlayarak bu durumu telafi etmeyi çok isteriz."
"Fena değildi, idare eder.  Daha iyi olabilirdi ama fiyat/performans normal.",Pozitif,Genel,"Sayın Misafirimiz, konaklamanızla ilgili değerli görüşlerinizi paylaştığınız için teşekkür ederiz. Deneyiminizi daha üst seviyeye taşımak ve size kusursuz bir hizmet sunmak adına kendimizi geliştirmeye devam ediyoruz. Sizi tekrar ağırlamaktan memnuniyet duyarız."
Harika bir deneyimdi!   Personel çok ilgiliydi... Herkese tavsiye ederim!!,Pozitif,Personel,"Sayın Misafirimiz, nazik yorumlarınız ve değerli tavsiyeniz için teşekkür ederiz. Personelimizin size sunduğu hizmetten memnun kalmış olmanız bizleri çok mutlu etti. Sizi tekrar ağırlamayı heyecanla bekliyoruz."
"Berbat bir yer. Yemekler soğuktu, odalar pislik içinde.,,",Negatif,Genel,"Sayın Misafirimiz, konaklamanız sırasında yaşadığınız olumsuz deneyimler için derin üzüntülerimizi sunarız. Belirttiğiniz hususlar ilgili departman yöneticilerimize iletilmiş olup gerekli iyileştirmeler ivedilikle hayata geçirilecektir. Sizleri tekrar ağırlayarak standartlarımızı kanıtlamayı dileriz."
"Fena değildi, idare eder.  Daha iyi olabilirdi ama fiyat/performans normal.",Pozitif,Genel,"Sayın Misafirimiz, değerli geri bildiriminiz için teşekkür ederiz. Sizlere daha kusursuz bir deneyim sunabilmek adına hizmet kalitemizi geliştirmeye devam ediyoruz. Sizi tekrar ağırlamaktan mutluluk duyarız."
Harika bir deneyimdi!   Personel çok ilgiliydi... Herkese tavsiye ederim!!,Pozitif,Personel,"Sayın Misafirimiz, nazik geri bildiriminiz ve ekibimize yönelik övgüleriniz için çok teşekkür ederiz. Sizleri tekrar ağırlamak ve aynı yüksek standartlarda hizmet sunmak için sabırsızlanıyoruz."
"Berbat bir yer. Yemekler soğuktu, odalar pislik içinde.,,",Negatif,Genel,"Sayın Misafirimiz, konaklamanız sırasında yaşadığınız olumsuz deneyimler için derin üzüntülerimizi bildiririz. Geri bildirimleriniz ilgili departman yöneticilerimize iletilmiş olup, hizmet standartlarımızı yükseltmek adına gerekli önlemler ivedilikle alınacaktır."
"Fena değildi, idare eder.  Daha iyi olabilirdi ama fiyat/performans normal.",Pozitif,Genel,"Sayın Misafirimiz, değerli geri bildiriminiz için teşekkür ederiz. Konaklamanızın genel olarak beklentilerinizi karşılamış olması bizleri mutlu ederken, hizmet kalitemizi daha da yukarı taşımak adına görüşlerinizi dikkatle değerlendireceğiz. Sizleri tekrar ağırlamaktan memnuniyet duyarız."
Harika bir deneyimdi!   Personel çok ilgiliydi... Herkese tavsiye ederim!!,Pozitif,Personel,"Sayın Misafirimiz, değerli yorumlarınız ve nazik tavsiyeniz için içtenlikle teşekkür ederiz. Ekibimizin size sağladığı hizmetten memnun kalmış olmanız bizleri çok mutlu etmiştir. Sizleri en kısa sürede tekrar ağırlamayı heyecanla bekliyoruz."
"Berbat bir yer. Yemekler soğuktu, odalar pislik içinde.,,",Negatif,Genel,"Sayın misafirimiz, konaklamanız sırasında yaşadığınız olumsuz deneyimler için içtenlikle özür dileriz. Geri bildirimleriniz ilgili departmanlarımıza iletilmiş olup, hizmet kalitemizi artırmak adına gerekli önlemler ivedilikle alınacaktır."
"Fena değildi, idare eder.  Daha iyi olabilirdi ama fiyat/performans normal.",Pozitif,Genel,"Sayın Misafirimiz, değerli vaktinizi ayırıp görüşlerinizi bizimle paylaştığınız için teşekkür ederiz. Konaklama deneyiminizi daha üst seviyeye taşımak adına geri bildirimleriniz bizim için çok kıymetlidir. Sizleri en kısa sürede tekrar ağırlamayı dileriz."
Harika bir deneyimdi!   Personel çok ilgiliydi... Herkese tavsiye ederim!!,Pozitif,Personel,"Sayın misafirimiz, değerli vaktinizi ayırarak paylaştığınız nazik yorumlarınız için çok teşekkür ederiz. Ekibimizin size hissettirdiği memnuniyet bizleri çok mutlu etti; sizi en kısa sürede tekrar ağırlamayı dört gözle bekliyoruz."
"Berbat bir yer. Yemekler soğuktu, odalar pislik içinde.,,",Negatif,Genel,"Sayın Misafirimiz, tesisimizde konakladığınız süre boyunca yaşadığınız olumsuz deneyimler için içtenlikle özür dileriz. Belirttiğiniz hususlar ilgili departman yöneticilerimize iletilmiş olup, hizmet kalitemizi artırmak adına gerekli önlemler ivedilikle alınmıştır. Sizleri gelecekte tekrar ağırlayarak standartlarımızı kanıtlamayı dileriz."
"Fena değildi, idare eder.  Daha iyi olabilirdi ama fiyat/performans normal.",Pozitif,Genel,"Sayın misafirimiz, konaklamanız sonrası değerli görüşlerinizi paylaştığınız için teşekkür ederiz. Sizlere daha mükemmel bir deneyim sunabilmek adına hizmet kalitemizi geliştirmeye devam ediyoruz. Bir sonraki ziyaretinizde sizi tekrar ağırlamaktan memnuniyet duyarız."
Harika bir deneyimdi!   Personel çok ilgiliydi... Herkese tavsiye ederim!!,Pozitif,Personel,"Sayın Misafirimiz, ekibimizin ilgisinden ve hizmet kalitemizden memnun kalmış olmanız bizleri çok mutlu etti. Değerli geri bildiriminiz ve tavsiyeleriniz için teşekkür eder, sizi en kısa sürede tekrar ağırlamayı dileriz."
"Berbat bir yer. Yemekler soğuktu, odalar pislik içinde.,,",Negatif,Genel,"Sayın Misafirimiz, konaklamanız sırasında yaşadığınız olumsuz deneyimler için içtenlikle özür dileriz. Belirttiğiniz hususlar ilgili departman yöneticilerimize iletilmiş olup gerekli iyileştirmeler ivedilikle başlatılmıştır. Sizleri gelecekte tekrar ağırlayarak standartlarımıza uygun, kusursuz bir hizmet sunmayı arzu ederiz."
"Fena değildi, idare eder.  Daha iyi olabilirdi ama fiyat/performans normal.",Pozitif,Genel,"Sayın Misafirimiz, değerli vaktinizi ayırıp görüşlerinizi paylaştığınız için teşekkür ederiz. Deneyiminizi daha da iyileştirmek ve sizlere kusursuz bir hizmet sunmak adına geri bildirimlerinizi dikkatle değerlendireceğiz. Sizleri en kısa sürede yeniden ağırlamaktan mutluluk duyarız."
Harika bir deneyimdi!   Personel çok ilgiliydi... Herkese tavsiye ederim!!,Pozitif,Personel,"Sayın Misafirimiz, nazik geri bildiriminiz ve tavsiyeleriniz için içtenlikle teşekkür ederiz. Ekibimizin size sunduğu hizmetten memnun kalmanız bizleri çok mutlu etti. Sizleri en kısa sürede tekrar ağırlamayı dört gözle bekliyoruz."
"Berbat bir yer. Yemekler soğuktu, odalar pislik içinde.,,",Negatif,Genel,"Sayın Misafirimiz, tesisimizde konakladığınız süre boyunca yaşadığınız memnuniyetsizlikten dolayı derin üzüntü duyuyoruz. Geri bildirimleriniz ilgili departman yöneticilerimize iletilmiş olup, gerekli iyileştirmeler ivedilikle yapılacaktır. Sizleri tekrar ağırlayarak hizmet standartlarımızı kanıtlamayı arzu ederiz."
"Fena değildi, idare eder.  Daha iyi olabilirdi ama fiyat/performans normal.",Pozitif,Genel,"Sayın Misafirimiz, konaklamanızla ilgili değerli geri bildiriminiz için teşekkür ederiz. Sizlere daha mükemmel bir deneyim sunabilmek adına hizmet kalitemizi geliştirmeye devam ediyoruz. Sizleri yeniden ağırlamaktan mutluluk duyarız."
Harika bir deneyimdi!   Personel çok ilgiliydi... Herkese tavsiye ederim!!,Pozitif,Personel,"Sayın Misafirimiz, değerli geri bildiriminiz için çok teşekkür ederiz. Personelimizin size sunduğu hizmetten memnun kalmış olmanız bizleri çok mutlu etmiştir. Sizleri en kısa sürede tekrar ağırlamayı heyecanla bekliyoruz."
"Berbat bir yer. Yemekler soğuktu, odalar pislik içinde.,,",Negatif,Genel,"Sayın Misafirimiz, tesisimizde yaşadığınız olumsuz deneyimler için derin üzüntü duyduğumuzu belirtmek isteriz. Yemek ve temizlik standartlarımızla ilgili geri bildirimleriniz ilgili departman yöneticilerimize iletilmiş olup, gerekli düzeltici faaliyetler hızla başlatılmıştır. Sizleri tekrar ağırlayarak bu eksiklikleri telafi etmeyi dileriz."
"Fena değildi, idare eder.  Daha iyi olabilirdi ama fiyat/performans normal.",Pozitif,Genel,"Sayın misafirimiz, konaklamanız sonrası değerli vaktinizi ayırıp görüşlerinizi paylaştığınız için teşekkür ederiz. Sizlere daha kusursuz bir deneyim sunabilmek adına geri bildirimlerinizi titizlikle değerlendireceğiz. Sizi tekrar ağırlamaktan mutluluk duyarız."
Harika bir deneyimdi!   Personel çok ilgiliydi... Herkese tavsiye ederim!!,Pozitif,Personel,"Sayın Misafirimiz, konaklamanız süresince ekibimizin ilgisinden memnun kalmış olmanız bizleri oldukça mutlu etti. Değerli geri bildirimleriniz ve tavsiyeniz için teşekkür eder, sizi en kısa sürede tekrar ağırlamayı dileriz."
"Berbat bir yer. Yemekler soğuktu, odalar pislik içinde.,,",Negatif,Genel,"Sayın Misafirimiz, konaklamanız sırasında yaşadığınız olumsuz deneyimler için içtenlikle özür dileriz. Belirttiğiniz eksiklikler ilgili departmanlarımıza iletilmiş olup, hizmet kalitemizi artırmak adına gerekli önlemler ivedilikle alınacaktır. Sizi tekrar ağırlayarak standartlarımızı kanıtlamayı dileriz."
"Fena değildi, idare eder.  Daha iyi olabilirdi ama fiyat/performans normal.",Pozitif,Genel,"Sayın Misafirimiz, konaklamanızla ilgili değerli görüşlerinizi paylaştığınız için teşekkür ederiz. Sizlere daha mükemmel bir deneyim sunabilmek adına geri bildirimlerinizi dikkatle değerlendireceğiz. Sizleri tekrar ağırlamaktan mutluluk duyarız."
Harika bir deneyimdi!   Personel çok ilgiliydi... Herkese tavsiye ederim!!,Pozitif,Personel,"Sayın Misafirimiz, otelimizde konakladığınız süre boyunca ekibimizin size yardımcı olabilmiş olmasından büyük mutluluk duyuyoruz. Değerli yorumlarınız ve tavsiyeniz için teşekkür eder, sizi tekrar ağırlamayı dört gözle bekleriz."
"Berbat bir yer. Yemekler soğuktu, odalar pislik içinde.,,",Negatif,Genel,"Sayın Misafirimiz, konaklamanız sırasında yaşadığınız olumsuz deneyimler için derin üzüntü duyuyoruz. Belirttiğiniz aksaklıklar ilgili departmanlarımıza iletilmiş olup, hizmet standartlarımızı iyileştirmek adına gerekli önlemler ivedilikle alınmıştır. Sizleri tekrar ağırlayarak bu durumu telafi etmeyi dileriz."
"Fena değildi, idare eder.  Daha iyi olabilirdi ama fiyat/performans normal.",Pozitif,Genel,"Sayın Misafirimiz, konaklamanıza dair değerli geri bildirimleriniz için teşekkür ederiz. Sizleri tekrar ağırlamayı ve bir sonraki ziyaretinizde beklentilerinizi tam anlamıyla karşılayarak çok daha memnuniyet verici bir deneyim sunmayı içtenlikle dileriz."
Harika bir deneyimdi!   Personel çok ilgiliydi... Herkese tavsiye ederim!!,Pozitif,Personel,"Sayın Misafirimiz, nazik geri bildiriminiz ve tavsiyeleriniz için içtenlikle teşekkür ederiz. Ekibimizin size yardımcı olabilmiş olması bizleri çok mutlu etti; sizleri en kısa sürede tekrar ağırlamaktan memnuniyet duyarız."
"Berbat bir yer. Yemekler soğuktu, odalar pislik içinde.,,",Negatif,Genel,"Sayın misafirimiz, konaklamanız sırasında yaşadığınız olumsuz deneyimler için içtenlikle özür dileriz. Geri bildirimleriniz ilgili departman yöneticilerimize iletilmiş olup, hizmet kalitemizi artırmak adına gerekli aksiyonlar hızla alınmıştır. Sizi gelecekte tekrar ağırlayarak standartlarımızı kanıtlamayı çok isteriz."
"Fena değildi, idare eder.  Daha iyi olabilirdi ama fiyat/performans normal.",Pozitif,Genel,"Sayın Misafirimiz, konaklamanızla ilgili değerli geri bildiriminiz için teşekkür ederiz. Deneyiminizi genel olarak yeterli bulmanız bizi memnun etti; sizlere daha kusursuz bir hizmet sunabilmek adına kendimizi geliştirmeye devam ediyoruz. Sizi en kısa sürede tekrar ağırlamaktan mutluluk duyarız."
Harika bir deneyimdi!   Personel çok ilgiliydi... Herkese tavsiye ederim!!,Pozitif,Personel,"Sayın Misafirimiz, nazik yorumlarınız ve tavsiyeniz için içtenlikle teşekkür ederiz. Personelimizin size sunduğu hizmetten memnun kalmanız bizleri çok mutlu etmiştir. Sizi tekrar ağırlamayı heyecanla bekliyoruz."
"Berbat bir yer. Yemekler soğuktu, odalar pislik içinde.,,",Negatif,Genel,"Sayın Misafirimiz, konaklamanız sırasında yaşadığınız olumsuz deneyimler için derin üzüntü duyuyoruz. Geri bildirimleriniz ilgili departman yöneticilerimize iletilmiş olup, hizmet kalitemizi artırmak adına gerekli önlemler ivedilikle alınacaktır. Sizleri tekrar ağırlayarak standartlarımızı kanıtlamayı dileriz."
"Fena değildi, idare eder.  Daha iyi olabilirdi ama fiyat/performans normal.",Pozitif,Genel,"Sayın Misafirimiz, konaklamanız sonrası değerli görüşlerinizi paylaştığınız için teşekkür ederiz. Hizmet kalitemizi daha üst seviyeye taşımak adına geri bildirimleriniz bizim için çok kıymetlidir; sizleri tekrar ağırlamaktan memnuniyet duyarız."
Harika bir deneyimdi!   Personel çok ilgiliydi... Herkese tavsiye ederim!!,Pozitif,Personel,"Sayın Misafirimiz, değerli geri bildiriminiz ve nazik sözleriniz için içtenlikle teşekkür ederiz. Ekibimizin size hissettirdiği memnuniyet bizler için en büyük motivasyon kaynağıdır. Sizleri en kısa sürede tekrar ağırlamayı heyecanla bekliyoruz."
"Berbat bir yer. Yemekler soğuktu, odalar pislik içinde.,,",Negatif,Genel,"Sayın misafirimiz, konaklamanız sırasında yaşadığınız olumsuz deneyimler için derin üzüntü duyduğumuzu belirtmek isteriz. Yemek ve temizlik standartlarımızla ilgili geri bildirimleriniz ivedilikle ilgili departman yöneticilerine iletilmiş olup gerekli önlemler alınmıştır; sizleri tekrar ağırlayarak gerçek hizmet kalitemizi sunmayı çok isteriz."
"Fena değildi, idare eder.  Daha iyi olabilirdi ama fiyat/performans normal.",Pozitif,Genel,"Sayın Misafirimiz, değerli vaktinizi ayırıp görüşlerinizi paylaştığınız için teşekkür ederiz. Sizlere daha kusursuz bir deneyim sunabilmek adına geri bildirimlerinizi dikkatle değerlendireceğiz. Sizi en kısa sürede tekrar ağırlamaktan mutluluk duyarız."
Harika bir deneyimdi!   Personel çok ilgiliydi... Herkese tavsiye ederim!!,Pozitif,Personel,"Sayın Misafirimiz, değerli vaktinizi ayırıp bu nazik yorumu paylaştığınız için teşekkür ederiz. Personelimizin ilgisinden memnun kalmış olmanız bizleri çok mutlu etti. Sizleri tekrar ağırlamayı heyecanla bekliyoruz."
"Berbat bir yer. Yemekler soğuktu, odalar pislik içinde.,,",Negatif,Genel,"Sayın misafirimiz, konaklamanız sırasında yaşadığınız olumsuz deneyimler için derin üzüntülerimizi sunarız. Yemek ve temizlik standartlarımızla ilgili geri bildirimleriniz ivedilikle ilgili birimlere iletilmiş olup gerekli iyileştirmeler başlatılmıştır. Sizleri gelecekte tekrar ağırlayarak bu hataları telafi etmeyi çok isteriz."
"Fena değildi, idare eder.  Daha iyi olabilirdi ama fiyat/performans normal.",Negatif,Genel,"Sayın Misafirimiz, konaklamanızla ilgili değerli görüşlerinizi paylaştığınız için teşekkür ederiz. Hizmet standartlarımızı daha üst seviyelere taşımak adına geri bildirimlerinizi titizlikle değerlendireceğiz. Sizi tekrar ağırlamak ve çok daha memnun bir deneyim sunmak dileğiyle."
Harika bir deneyimdi!   Personel çok ilgiliydi... Herkese tavsiye ederim!!,Pozitif,Personel,"Sayın Misafirimiz, nazik yorumlarınız ve tavsiyeniz için içtenlikle teşekkür ederiz. Ekibimizin size sunduğu hizmetten memnun kalmanız bizler için büyük bir mutluluk kaynağıdır; sizi tekrar ağırlamayı heyecanla bekliyoruz."
"Berbat bir yer. Yemekler soğuktu, odalar pislik içinde.,,",Negatif,Genel,"Sayın Misafirimiz, konaklamanız sırasında yaşadığınız olumsuz deneyimler için derin üzüntü duyduğumuzu belirtmek isteriz. Yemekler ve temizlik konusundaki geri bildirimleriniz ilgili departman yöneticilerimize iletilmiş olup, gerekli iyileştirmeler ivedilikle yapılacaktır. Sizleri gelecekte tekrar ağırlayarak standartlarımızı kanıtlamayı dileriz."
"Fena değildi, idare eder.  Daha iyi olabilirdi ama fiyat/performans normal.",Negatif,Genel,"Sayın misafirimiz, konaklamanızla ilgili paylaştığınız değerli görüşleriniz için teşekkür ederiz. Sizlere daha yüksek standartlarda bir deneyim sunabilmek adına geri bildirimlerinizi dikkatle değerlendireceğiz. Bir sonraki ziyaretinizde sizi çok daha memnun bir şekilde ağırlamayı dileriz."
Harika bir deneyimdi!   Personel çok ilgiliydi... Herkese tavsiye ederim!!,Pozitif,Personel,"Sayın Misafirimiz, nazik yorumlarınız ve tavsiyeniz için çok teşekkür ederiz. Ekibimizin size sağladığı hizmetten memnun kalmış olmanız bizleri oldukça mutlu etti. Sizleri en kısa sürede tekrar ağırlamak dileğiyle."
"Berbat bir yer. Yemekler soğuktu, odalar pislik içinde.,,",Negatif,Genel,"Sayın misafirimiz, konaklamanız sırasında yaşadığınız olumsuzluklar için derin üzüntü duyduğumuzu belirtmek isteriz. Yemek ve temizlik konusundaki geri bildirimleriniz ilgili departman yöneticilerimize iletilmiş olup gerekli iyileştirme çalışmaları başlatılmıştır. Sizleri tekrar ağırlayarak bu eksiklikleri telafi etmeyi çok isteriz."
"Fena değildi, idare eder.  Daha iyi olabilirdi ama fiyat/performans normal.",Pozitif,Genel,"Sayın Misafirimiz, konaklamanız sonrası değerli vaktinizi ayırıp görüşlerinizi paylaştığınız için teşekkür ederiz. Sizlere daha kusursuz bir deneyim sunabilmek adına kendimizi geliştirmeye devam ediyor, sizi tekrar ağırlamayı heyecanla bekliyoruz."
Harika bir deneyimdi!   Personel çok ilgiliydi... Herkese tavsiye ederim!!,Pozitif,Personel,"Sayın Misafirimiz, konaklamanız boyunca ekibimizin ilgisinden memnun kalmış olmanız bizi çok mutlu etti. Değerli geri bildiriminiz ve tavsiyeniz için teşekkür eder, sizi en kısa sürede tekrar ağırlamayı dileriz."
"Berbat bir yer. Yemekler soğuktu, odalar pislik içinde.,,",Negatif,Genel,"Sayın Misafirimiz, konaklamanız sırasında yaşadığınız olumsuz deneyimler için içtenlikle özür dileriz. Yemek ve temizlik standartlarımızın beklentilerinizin altında kalması bizi derinden üzmüştür; konuyla ilgili gerekli incelemeler ve iyileştirmeler hızla başlatılmıştır. Sizi gelecekte tekrar ağırlayarak gerçek hizmet kalitemizi göstermeyi çok isteriz."
"Fena değildi, idare eder.  Daha iyi olabilirdi ama fiyat/performans normal.",Negatif,Genel,"Sayın Misafirimiz, konaklamanız sonrası değerli görüşlerinizi bizimle paylaştığınız için teşekkür ederiz. Deneyimlerinizi daha mükemmel hale getirmek adına geri bildirimlerinizi titizlikle değerlendireceğimizi belirtmek isteriz. Sizleri tekrar ağırlamaktan memnuniyet duyarız."
Harika bir deneyimdi!   Personel çok ilgiliydi... Herkese tavsiye ederim!!,Pozitif,Personel,"Sayın Misafirimiz, değerli vaktinizi ayırıp bizi tercih ettiğiniz ve nazik geri bildiriminiz için teşekkür ederiz. Ekibimizin size sağladığı hizmetten memnun kalmış olmanız bizleri çok mutlu etti; bu güzel yorumlarınızı ilgili çalışma arkadaşlarımızla paylaşacağız. Sizi en kısa sürede tekrar ağırlamayı dört gözle bekliyoruz."
"Berbat bir yer. Yemekler soğuktu, odalar pislik içinde.,,",Negatif,Genel,"Sayın misafirimiz, konaklamanız sırasında yaşadığınız olumsuz deneyimler için içtenlikle özür dileriz. Yemek ve temizlik konusundaki geri bildirimleriniz ilgili departman yöneticilerimize iletilmiş olup gerekli iyileştirmeler ivedilikle yapılacaktır. Sizleri gelecekte tekrar ağırlayarak gerçek hizmet kalitemizi kanıtlamayı dileriz."
"Fena değildi, idare eder.  Daha iyi olabilirdi ama fiyat/performans normal.",Pozitif,Genel,"Sayın Misafirimiz, değerli vaktinizi ayırıp görüşlerinizi paylaştığınız için teşekkür ederiz. Deneyiminizin genel olarak beklentilerinizi karşılamış olmasından memnuniyet duyuyor, hizmet kalitemizi daha da mükemmelleştirmek adına her türlü önerinizi bekliyoruz. Sizleri tekrar ağırlamak dileğiyle."
Harika bir deneyimdi!   Personel çok ilgiliydi... Herkese tavsiye ederim!!,Pozitif,Personel,"Sayın Misafirimiz, nazik yorumlarınız ve bizi tavsiye ettiğiniz için teşekkür ederiz. Ekibimizin size yardımcı olabilmiş olması bizleri çok mutlu etti. Sizi tekrar ağırlamayı dört gözle bekliyoruz."
"Berbat bir yer. Yemekler soğuktu, odalar pislik içinde.,,",Negatif,Genel,"Sayın misafirimiz, yaşadığınız olumsuz deneyimler için derin üzüntülerimizi bildiririz. Belirttiğiniz hususlar ilgili departman yöneticilerimizle paylaşılmış olup, hizmet kalitemizi yükseltmek adına gerekli önlemler ivedilikle alınmıştır. Sizleri tekrar ağırlayarak standartlarımızı kanıtlamayı dileriz."
"Fena değildi, idare eder.  Daha iyi olabilirdi ama fiyat/performans normal.",Negatif,Genel,"Sayın misafirimiz, konaklamanıza dair değerli görüşlerinizi paylaştığınız için teşekkür ederiz. Sizlere çok daha kusursuz bir deneyim sunabilmek adına gelişim alanlarımızı belirlemek bizim için önceliklidir. Bir sonraki ziyaretinizde beklentilerinizin üzerinde bir hizmetle sizleri tekrar ağırlamayı dileriz."
Harika bir deneyimdi!   Personel çok ilgiliydi... Herkese tavsiye ederim!!,Pozitif,Personel,"Sayın Misafirimiz, değerli vaktinizi ayırıp bu nazik geri bildirimi paylaştığınız için teşekkür ederiz. Ekibimizin ilgisinden memnun kalmış olmanız bizleri çok mutlu etti; memnuniyetinizi tüm ekibimizle paylaşacağız. Sizleri tekrar ağırlamayı heyecanla bekliyoruz."
"Berbat bir yer. Yemekler soğuktu, odalar pislik içinde.,,",Negatif,Genel,"Sayın Misafirimiz, konaklamanız sırasında yaşadığınız olumsuz deneyimler için derin üzüntü duyduğumuzu belirtmek isteriz. Geri bildirimleriniz ilgili departman yöneticilerimize iletilmiş olup, hizmet standartlarımızı iyileştirmek adına gerekli önlemler hızla alınacaktır. Sizleri gelecekte tekrar ağırlayarak bu durumu telafi etmeyi dileriz."
"Fena değildi, idare eder.  Daha iyi olabilirdi ama fiyat/performans normal.",Pozitif,Genel,"Sayın Misafirimiz, konaklamanızla ilgili değerli görüşlerinizi paylaştığınız için teşekkür ederiz. Fiyat-performans dengemizden memnun kalmış olmanız bizi mutlu etti; bir sonraki ziyaretinizde size çok daha kusursuz bir deneyim yaşatmayı hedefliyoruz."
Harika bir deneyimdi!   Personel çok ilgiliydi... Herkese tavsiye ederim!!,Pozitif,Personel,"Sayın Misafirimiz, nazik yorumlarınız ve bizi tavsiye ettiğiniz için içtenlikle teşekkür ederiz. Ekibimizin ilgisinden memnun kalmış olmanız bizleri çok mutlu etti. Sizleri en kısa sürede tekrar ağırlamayı dört gözle bekliyoruz."
"Berbat bir yer. Yemekler soğuktu, odalar pislik içinde.,,",Negatif,Genel,"Sayın Misafirimiz, konaklamanız sırasında yaşadığınız olumsuz deneyimler için içtenlikle özür dileriz. Geri bildirimleriniz ilgili departmanlarımıza iletilmiş olup gerekli iyileştirmeler ivedilikle yapılacaktır. Sizi gelecekte yeniden ağırlayarak standartlarımızı kanıtlamayı dileriz."
"Fena değildi, idare eder.  Daha iyi olabilirdi ama fiyat/performans normal.",Negatif,Genel,"Sayın Misafirimiz, otelimizi tercih ettiğiniz ve değerli görüşlerinizi paylaştığınız için teşekkür ederiz. Deneyiminizi daha mükemmel hale getirmek adına geri bildirimlerinizi dikkatle değerlendireceğiz. Sizleri tekrar ağırlamaktan mutluluk duyarız."
Harika bir deneyimdi!   Personel çok ilgiliydi... Herkese tavsiye ederim!!,Pozitif,Personel,"Sayın Misafirimiz, nazik yorumlarınız ve değerli tavsiyeniz için içtenlikle teşekkür ederiz. Personelimizin size yardımcı olabilmiş olması ve deneyiminizin kusursuz geçmesi bizleri çok mutlu etti. Sizi en kısa sürede tekrar ağırlamayı heyecanla bekliyoruz."
"Berbat bir yer. Yemekler soğuktu, odalar pislik içinde.,,",Negatif,Genel,"Sayın Misafirimiz, konaklamanız sırasında yaşadığınız olumsuz deneyimler için derin üzüntü duyuyoruz. Yemek kalitesi ve temizlik standartlarımızın beklentilerinizin altında kalması kabul edilemez; konuyla ilgili gerekli incelemeler başlatılmıştır. Sizleri tekrar ağırlayarak bu hatalarımızı telafi etmeyi çok isteriz."
"Fena değildi, idare eder.  Daha iyi olabilirdi ama fiyat/performans normal.",Pozitif,Genel,"Sayın Misafirimiz, konaklamanız sonrası değerli görüşlerinizi paylaştığınız için teşekkür ederiz. Deneyiminizi daha üst seviyeye taşıyabilmek adına gelişim alanlarımızı belirlemeye büyük önem veriyoruz. Sizleri tekrar ağırlayarak beklentilerinizi tam anlamıyla karşılamayı arzu ederiz."
Harika bir deneyimdi!   Personel çok ilgiliydi... Herkese tavsiye ederim!!,Pozitif,Personel,"Sayın misafirimiz, değerli vaktinizi ayırıp bu nazik geri bildiriminizle bizleri onurlandırdığınız için teşekkür ederiz. Ekibimizin size sunduğu hizmetten memnun kalmanız bizler için en büyük motivasyon kaynağıdır. Sizi en kısa sürede tekrar ağırlamaktan mutluluk duyarız."
"Berbat bir yer. Yemekler soğuktu, odalar pislik içinde.,,",Negatif,Genel,"Sayın Misafirimiz, konaklamanız sırasında yaşadığınız olumsuz deneyimler için içtenlikle özür dileriz. Yemek ve temizlik standartlarımızın altında kalan hizmetlerle ilgili gerekli incelemeler başlatılmış olup, kalite standartlarımızı yükseltmek adına önlemler alınmıştır. Sizleri yeniden ağırlayarak bu durumu telafi etmeyi çok isteriz."
"Fena değildi, idare eder.  Daha iyi olabilirdi ama fiyat/performans normal.",Negatif,Genel,"Sayın Misafirimiz, konaklamanızla ilgili değerli görüşlerinizi paylaştığınız için teşekkür ederiz. Sizlere daha mükemmel bir deneyim sunabilmek adına geri bildirimlerinizi dikkatle değerlendireceğiz. Sizleri tekrar ağırlamaktan memnuniyet duyarız."
Harika bir deneyimdi!   Personel çok ilgiliydi... Herkese tavsiye ederim!!,Pozitif,Personel,"Sayın Misafirimiz, değerli geri bildiriminiz ve tavsiyeleriniz için çok teşekkür ederiz. Ekibimizin size sağladığı hizmetten memnun kalmış olmanız bizleri gururlandırmıştır. Sizleri en kısa sürede tekrar ağırlamaktan mutluluk duyacağız."
"Berbat bir yer. Yemekler soğuktu, odalar pislik içinde.,,",Negatif,Genel,"Sayın Misafirimiz, konaklamanız sırasında yaşadığınız olumsuz deneyimler için içtenlikle özür dileriz. Yemek ve temizlik standartlarımızın altındaki bu durumla ilgili gerekli incelemeler başlatılmış olup, düzeltici aksiyonlar hızla alınmıştır. Sizleri tekrar ağırlayarak gerçek hizmet kalitemizi göstermeyi arzu ederiz."
"Fena değildi, idare eder.  Daha iyi olabilirdi ama fiyat/performans normal.",Pozitif,Genel,"Sayın Misafirimiz, konaklamanız sonrası değerli görüşlerinizi paylaştığınız için teşekkür ederiz. Sizlere daha mükemmel bir deneyim sunabilmek adına geri bildirimlerinizi dikkatle değerlendireceğiz. Sizleri tekrar ağırlamaktan mutluluk duyarız."
Harika bir deneyimdi!   Personel çok ilgiliydi... Herkese tavsiye ederim!!,Pozitif,Personel,"Sayın Misafirimiz, değerli vaktinizi ayırıp bu nazik geri bildiriminizi paylaştığınız için teşekkür ederiz. Ekibimizin size hissettirdiği memnuniyet bizler için en büyük motivasyon kaynağıdır; sizi tekrar ağırlamaktan büyük mutluluk duyarız."
"Berbat bir yer. Yemekler soğuktu, odalar pislik içinde.,,",Negatif,Genel,"Sayın Misafirimiz, konaklamanız sırasında yaşadığınız olumsuz deneyimler için içtenlikle özür dileriz. Belirttiğiniz hususlar ilgili departman yöneticilerimize iletilmiş olup gerekli iyileştirmeler ivedilikle başlatılmıştır. Sizleri gelecekte tekrar ağırlayarak standartlarımızı kanıtlamayı çok isteriz."
"Fena değildi, idare eder.  Daha iyi olabilirdi ama fiyat/performans normal.",Pozitif,Genel,"Sayın Misafirimiz, konaklamanız sonrası değerli görüşlerinizi paylaştığınız için teşekkür ederiz. Sizlere daha kusursuz bir deneyim sunabilmek adına hizmet kalitemizi geliştirmeye devam ediyoruz; sizi tekrar ağırlamaktan memnuniyet duyarız."
Harika bir deneyimdi!   Personel çok ilgiliydi... Herkese tavsiye ederim!!,Pozitif,Personel,"Sayın misafirimiz, değerli vaktinizi ayırarak paylaştığınız nazik yorumlarınız için teşekkür ederiz. Ekibimizin sizlere hissettirdiği memnuniyet bizleri çok mutlu etmiştir; bu güzel geri bildiriminizi ilgili personelimizle paylaşacağız. Sizi en kısa sürede tekrar ağırlamak dileğiyle."
"Berbat bir yer. Yemekler soğuktu, odalar pislik içinde.,,",Negatif,Genel,"Sayın Misafirimiz, otelimizde konakladığınız süre boyunca yaşadığınız memnuniyetsizlikten dolayı derin üzüntü duyuyoruz. Geri bildirimleriniz kalite standartlarımızı geliştirmek adına ilgili departman yöneticilerimize iletilmiş olup gerekli önlemler hızla alınmıştır. Sizleri gelecekte tekrar ağırlayarak sizlere kusursuz bir deneyim sunmayı dileriz."
"Fena değildi, idare eder.  Daha iyi olabilirdi ama fiyat/performans normal.",Pozitif,Genel,"Sayın misafirimiz, konaklamanız sonrası değerli görüşlerinizi paylaştığınız için teşekkür ederiz. Hizmet standartlarımızı daha üst seviyeye taşımak adına geri bildirimleriniz bizim için yol göstericidir. Sizleri tekrar ağırlamaktan memnuniyet duyarız."
Harika bir deneyimdi!   Personel çok ilgiliydi... Herkese tavsiye ederim!!,Pozitif,Personel,"Sayın Misafirimiz, değerli vaktinizi ayırıp bu nazik geri bildiriminizle bizleri onurlandırdığınız için teşekkür ederiz. Ekibimizin size sunduğu hizmetten memnun kalmanız bizler için en büyük motivasyon kaynağıdır. Sizleri en kısa sürede tekrar ağırlamayı heyecanla bekliyoruz."
"Berbat bir yer. Yemekler soğuktu, odalar pislik içinde.,,",Negatif,Genel,"Sayın misafirimiz, konaklamanız sırasında yaşadığınız olumsuz deneyimler için derin üzüntü duyuyor ve sizden özür diliyoruz. Belirttiğiniz hususlar ilgili departman yöneticilerimize iletilmiş olup gerekli iyileştirmeler ivedilikle hayata geçirilecektir. Sizi gelecekte tekrar ağırlayarak standartlarımızı kanıtlamayı dileriz."
"Fena değildi, idare eder.  Daha iyi olabilirdi ama fiyat/performans normal.",Pozitif,Genel,"Sayın Misafirimiz, konaklamanız sonrası değerli görüşlerinizi paylaştığınız için teşekkür ederiz. Sizlere çok daha mükemmel bir deneyim sunabilmek adına hizmet kalitemizi geliştirmeye devam ediyoruz. Sizi tekrar ağırlamaktan mutluluk duyarız."
Harika bir deneyimdi!   Personel çok ilgiliydi... Herkese tavsiye ederim!!,Pozitif,Personel,"Sayın Misafirimiz, nazik yorumlarınız ve değerli tavsiyeleriniz için içtenlikle teşekkür ederiz. Personelimizin size sunduğu hizmetten memnun kalmış olmanız bizleri çok mutlu etti; sizi tekrar ağırlamaktan onur duyarız."
"Berbat bir yer. Yemekler soğuktu, odalar pislik içinde.,,",Negatif,Genel,"Değerli Misafirimiz, Tesisimizde konakladığınız süre boyunca yemeklerimizin servis ısısı ve oda temizliği konusunda yaşadığınız memnuniyetsizlikten dolayı derin üzüntülerimizi iletmek isteriz. Belirttiğiniz aksaklıklar, hizmet standartlarımızı en üst seviyeye taşımak adına ilgili departman yöneticilerimize iletilmiş ve gerekli iyileştirmeler için titizlikle incelemeye alınmıştır. Sizleri gelecekte çok daha kusursuz bir konaklama deneyimiyle yeniden ağırlamayı dileriz. Asteria Family Resort Belek Yönetimi"
"Fena değildi, idare eder.  Daha iyi olabilirdi ama fiyat/performans normal.",Pozitif,Genel,"Değerli Misafirimiz, tesisimizde gerçekleştirdiğiniz konaklama sonrası paylaştığınız görüşleriniz için teşekkür ederiz. Otelimizin fiyat-performans dengesinin beklentilerinizi karşılamış olmasından memnuniyet duyduk. Sizleri gelecekte daha kusursuz bir konaklama deneyimiyle yeniden ağırlamayı dileriz. Asteria Family Resort Belek Yönetimi"
Harika bir deneyimdi!   Personel çok ilgiliydi... Herkese tavsiye ederim!!,Pozitif,Genel,"Değerli Misafirimiz, Tesisimizde gerçekleştirdiğiniz konaklamanın sizin için harika bir deneyime dönüşmüş olmasından ve personelimizin ilgisinden memnun kalmanızdan dolayı büyük bir mutluluk duyduk. Nazik tavsiyeleriniz ve kıymetli geri bildirimleriniz, tüm ekibimiz için en büyük motivasyon kaynağıdır. Sizleri en kısa sürede tekrar ağırlamaktan onur duyacağız. Asteria Family Resort Belek Yönetimi"
"Berbat bir yer. Yemekler soğuktu, odalar pislik içinde.,,",Negatif,Genel,"Sayın Misafirimiz, Tesisimizde konaklamanız süresince yaşadığınız olumsuz deneyimler ve paylaştığınız geri bildirimleriniz için teşekkür ederiz. Yemeklerimizin servis sıcaklığı ve odalarımızın hijyen durumuyla ilgili belirttiğiniz hususlar bizleri derinden üzmüştür. Gastronomi ekibimiz, misafirlerimize en taze ve en lezzetli sunumları ulaştırmak adına büyük bir titizlikle çalışmakta olup, servis sıcaklıklarına yönelik uyarınız ilgili departman yöneticilerimize iletilmiştir. Temizlik standartlarımız ise uluslararası hijyen protokolleri çerçevesinde yürütülmekte olup, odanızla ilgili yaşadığınız aksaklıkların nedenleri kat hizmetleri ekibimiz tarafından detaylıca incelenecektir. Sizleri gelecekte, tüm beklentilerinizi eksiksiz karşılayan çok daha kusursuz bir konaklama deneyimiyle yeniden ağırlamaktan mutluluk duyacağız. Asteria Family Resort Belek Yönetimi"
"Fena değildi, idare eder.  Daha iyi olabilirdi ama fiyat/performans normal.",Pozitif,Genel,"Değerli Misafirimiz, Tesisimizde gerçekleştirdiğiniz konaklamanın ardından değerli vaktinizi ayırarak görüşlerinizi paylaştığınız için teşekkür ederiz. Sunduğumuz hizmetlerin fiyat-performans dengesinin beklentilerinizi karşılamış olmasından memnuniyet duyduk. 'Daha iyi olabilirdi' şeklindeki yapıcı geri bildiriminiz, hizmet kalitemizi sürekli geliştirmek ve misafirlerimize kusursuz bir deneyim sunmak adına bizler için yol göstericidir. Sizleri gelecekte, beklentilerinizin üzerinde bir memnuniyetle yeniden ağırlamaktan mutluluk duyacağız. Asteria Family Resort Belek Yönetimi"
Harika bir deneyimdi!   Personel çok ilgiliydi... Herkese tavsiye ederim!!,Pozitif,Genel,"Değerli Misafirimiz, Tesisimizde gerçekleştirdiğiniz konaklamanın sizin için harika bir deneyime dönüşmüş olmasından dolayı büyük bir mutluluk duyduk. Özellikle personelimizin ilgisinden memnun kalmanız ve otelimizi diğer misafirlerimize tavsiye etmeniz bizleri son derece motive etti. Nazik geri bildirimleriniz için teşekkür eder, sizleri en kısa sürede tekrar ağırlamaktan mutluluk duyarız. Asteria Family Resort Belek Yönetimi"
"Berbat bir yer. Yemekler soğuktu, odalar pislik içinde.,,",Negatif,Genel,"Değerli Misafirimiz, Tesisimizde gerçekleştirdiğiniz konaklama deneyiminizle ilgili paylaştığınız geri bildirimleriniz için teşekkür ederiz. Yaşamış olduğunuz memnuniyetsizlikler bizleri derinden üzmüştür. Gastronomi standartlarımız gereği, tüm yemeklerimizin ideal servis sıcaklıklarında sunulması adına mutfak ekibimiz titizlikle çalışmakta olup, belirttiğiniz durumla ilgili gerekli incelemeler başlatılmıştır. Aynı şekilde, hijyen standartlarımızın en öncelikli konu olduğunu belirtmek isteriz; oda temizliği konusundaki geri bildiriminiz kat hizmetleri (HK) departmanımıza iletilmiş ve gerekli denetimler sıkılaştırılmıştır. Sizleri gelecekte, kalite standartlarımızı bizzat tecrübe edeceğiniz çok daha kusursuz bir konaklama deneyimiyle yeniden ağırlamaktan mutluluk duyacağız. Asteria Family Resort Belek Yönetimi"
"Fena değildi, idare eder.  Daha iyi olabilirdi ama fiyat/performans normal.",Pozitif,Genel,"Değerli Misafirimiz, Tesisimizde gerçekleştirdiğiniz konaklamanızla ilgili kıymetli görüşlerinizi paylaştığınız için teşekkür ederiz. Sunduğumuz hizmetlerin fiyat-performans dengesini makul bulmanız bizler için memnuniyet vericidir. Sizlere daha kusursuz bir konaklama deneyimi sunabilmek adına, hizmet standartlarımızı geliştirmek için çalışmalarımızı titizlikle sürdürüyoruz. Sizleri gelecekte çok daha yüksek bir memnuniyet oranıyla yeniden ağırlamaktan mutluluk duyacağız. Asteria Family Resort Belek Yönetimi"
Harika bir deneyimdi!   Personel çok ilgiliydi... Herkese tavsiye ederim!!,Pozitif,Personel,"Değerli Misafirimiz, Tesisimizde geçirdiğiniz tatilin sizin için harika bir deneyime dönüşmüş olması ve personelimizin ilgisinden memnun kalmanız bizleri ziyadesiyle mutlu etmiştir. Misafirlerimize sunduğumuz kaliteli hizmet anlayışının ve güler yüzlü yaklaşımımızın sizde olumlu bir iz bırakmış olması, tüm ekibimiz için büyük bir motivasyon kaynağıdır. Nazik tavsiyeniz ve değerli geri bildirimleriniz için teşekkür eder, sizleri en kısa sürede tekrar ağırlamaktan mutluluk duyacağımızı belirtmek isteriz. Asteria Family Resort Belek Yönetimi"
"Berbat bir yer. Yemekler soğuktu, odalar pislik içinde.,,",Negatif,Genel,"Sayın Misafirimiz, Tesisimizde gerçekleştirdiğiniz konaklamanın ardından paylaştığınız geri bildirimleriniz için teşekkür ederiz. Yemeklerimizin servis sıcaklığı ve oda temizliği konusundaki memnuniyetsizliğinizi derin bir üzüntüyle karşıladık. Asteria Family Resort Belek olarak, misafirlerimize en yüksek hijyen standartlarında hizmet sunmak ve gastronomi deneyimini en ideal koşullarda yaşatmak temel önceliğimizdir. Belirttiğiniz hususlar, hizmet kalitemizi artırmak adına ivedilikle ilgili departman yöneticilerimize iletilmiş olup, gerekli denetimler ve iyileştirmeler titizlikle başlatılmıştır. Sizleri gelecekte çok daha kusursuz bir konaklama deneyimiyle yeniden ağırlamaktan mutluluk duyacağız. Asteria Family Resort Belek Yönetimi"
"Fena değildi, idare eder.  Daha iyi olabilirdi ama fiyat/performans normal.",Pozitif,Genel,"Değerli Misafirimiz, Tesisimizde gerçekleştirdiğiniz konaklamanın ardından değerli vaktinizi ayırarak görüşlerinizi paylaştığınız için teşekkür ederiz. Otelimizin fiyat-performans dengesinin beklentilerinizi karşılamış olmasından memnuniyet duyduk. Sizlere daha kusursuz bir tatil deneyimi sunabilmek adına, geri bildirimleriniz doğrultusunda hizmet kalitemizi her geçen gün artırmak için çalışmalarımıza titizlikle devam ediyoruz. Bir sonraki ziyaretinizde sizleri çok daha yüksek bir memnuniyet seviyesinde ağırlamayı diler, sağlıklı ve mutlu günler dileriz. Asteria Family Resort Belek Yönetimi"
Harika bir deneyimdi!   Personel çok ilgiliydi... Herkese tavsiye ederim!!,Pozitif,Genel,"Değerli Misafirimiz, Tesisimizde gerçekleştirdiğiniz konaklamanın sizin için harika bir deneyime dönüşmüş olmasından ve ekibimizin ilgisinden memnun kalmanızdan dolayı büyük bir mutluluk duyduk. Misafirlerimize sunduğumuz yüksek hizmet standartlarının ve güler yüzlü yaklaşımımızın sizde olumlu bir iz bırakmış olması, tüm çalışma arkadaşlarımız için en büyük motivasyon kaynağıdır. Nazik tavsiyeleriniz ve değerli geri bildirimleriniz için teşekkür eder, sizleri en kısa sürede tekrar otelimizde ağırlamaktan onur duyarız. Asteria Family Resort Belek Yönetimi"
"Berbat bir yer. Yemekler soğuktu, odalar pislik içinde.,,",Negatif,Genel,"Sayın Misafirimiz, Tesisimizde gerçekleştirdiğiniz konaklama sonrası deneyimlerinizi bizlerle paylaştığınız için teşekkür ederiz. Tatilinizin beklentilerinizin altında kalmış olması ve genel memnuniyetsizliğiniz bizleri derinden üzmüştür. Yemeklerimizin servis sıcaklığı ile ilgili geri bildiriminiz mutfak yönetimimize iletilmiş olup, servis standartlarımızın geliştirilmesi ve lezzetlerin en ideal sıcaklıkta sunulması adına gerekli önlemler alınmıştır. Oda temizliğine yönelik eleştirileriniz ise kat hizmetleri departmanımız tarafından titizlikle incelenmiş ve hijyen standartlarımızın en üst seviyede tutulması adına gerekli aksiyonlar başlatılmıştır. Sizleri gelecekte, tüm detaylarıyla kusursuz bir konaklama deneyimi sunabilmek adına yeniden ağırlamayı dileriz. Asteria Family Resort Belek Yönetimi"
"Fena değildi, idare eder.  Daha iyi olabilirdi ama fiyat/performans normal.",Pozitif,Genel,"Değerli Misafirimiz, Tesisimizde gerçekleştirdiğiniz konaklama sonrası değerli vaktinizi ayırarak görüşlerinizi paylaştığınız için teşekkür ederiz. Otelimizin fiyat-performans dengesinin beklentilerinizi karşılamış olması bizleri memnun etmiştir. Sizlere daha kusursuz bir hizmet sunabilmek ve deneyiminizi 'idare eder' seviyesinden 'mükemmel' seviyesine taşıyabilmek adına, gelişim alanlarımıza yönelik tüm geri bildirimlerinizi titizlikle değerlendirmeye devam ediyoruz. Sizleri gelecekte çok daha memnun kalacağınız bir konaklama deneyimiyle yeniden ağırlamayı dileriz. Asteria Family Resort Belek Yönetimi"
Harika bir deneyimdi!   Personel çok ilgiliydi... Herkese tavsiye ederim!!,Pozitif,Genel,"Değerli Misafirimiz, Otelimizde geçirdiğiniz tatilin sizin için harika bir deneyime dönüşmüş olması ve personelimizin ilgisinden memnun kalmanız bizleri ziyadesiyle mutlu etti. Misafirlerimize sunduğumuz hizmet kalitesini ve güler yüzlü yaklaşımımızı her an en üst seviyede tutma gayretlerimizin karşılık bulması, tüm ekibimiz için büyük bir motivasyon kaynağıdır. Nazik tavsiyeleriniz ve değerli geri bildiriminiz için teşekkür eder, sizleri en kısa sürede tekrar ağırlamaktan mutluluk duyarız. Asteria Family Resort Belek Yönetimi"
"Berbat bir yer. Yemekler soğuktu, odalar pislik içinde.,,",Negatif,Genel,"Değerli Misafirimiz, Tesisimizde gerçekleştirdiğiniz konaklama sonrası paylaştığınız geri bildirimleriniz için teşekkür ederiz. Yemeklerimizin servis ısısı ve oda temizliğiyle ilgili yaşadığınız memnuniyetsizlikler bizleri derinden üzmüştür. Gastronomi standartlarımızı en üst seviyede tutmak adına, mutfak ekibimizle gerekli incelemeler başlatılmış olup servis süreçlerimiz yeniden gözden geçirilecektir. Aynı şekilde, hijyen politikalarımız gereği titizlikle yürütülen kat hizmetleri süreçlerimize yönelik geri bildiriminiz ilgili departman yöneticilerimize iletilmiş ve gerekli önlemler alınmıştır. Sizleri gelecekte, tüm standartlarımızın eksiksiz olduğu çok daha kusursuz bir konaklama deneyimiyle yeniden ağırlamaktan mutluluk duyacağız. Asteria Family Resort Belek Yönetimi"
"Fena değildi, idare eder.  Daha iyi olabilirdi ama fiyat/performans normal.",Pozitif,Genel,"Değerli Misafirimiz, Tesisimizde gerçekleştirdiğiniz konaklama sonrası değerli vaktinizi ayırarak görüşlerinizi paylaştığınız için teşekkür ederiz. Fiyat-performans dengemizin beklentilerinizi karşılamış olmasından memnuniyet duyduk. Sizlere her zaman daha kusursuz bir konaklama deneyimi sunabilmek adına hizmet standartlarımızı geliştirmek için titizlikle çalışmaya devam ediyoruz. Gelecekteki ziyaretlerinizde sizi çok daha yüksek bir memnuniyetle yeniden ağırlamayı dileriz. Asteria Family Resort Belek Yönetimi"
Harika bir deneyimdi!   Personel çok ilgiliydi... Herkese tavsiye ederim!!,Pozitif,Genel,"Değerli Misafirimiz, Tesisimizde gerçekleştirdiğiniz konaklamanın sizin için harika bir deneyime dönüşmüş olmasından ve ekibimizin ilgili yaklaşımının sizde olumlu bir iz bırakmasından büyük mutluluk duyduk. Nazik tavsiyeniz ve değerli geri bildirimleriniz, tüm çalışma arkadaşlarımız için önemli bir motivasyon kaynağı olmuştur. Sizleri en kısa sürede tekrar ağırlamaktan kıvanç duyarız. Asteria Family Resort Belek Yönetimi"
"Berbat bir yer. Yemekler soğuktu, odalar pislik içinde.,,",Negatif,Genel,"Değerli Misafirimiz, Tesisimizde gerçekleştirdiğiniz konaklama sonrası deneyimlerinizi paylaştığınız için teşekkür ederiz. Konaklamanız boyunca beklentilerinizin karşılanmamış olması ve yaşadığınız memnuniyetsizlik bizleri derinden üzmüştür. Yemeklerimizin servis sıcaklığına yönelik geri bildiriminiz mutfak yönetimimize iletilmiş olup, büfe ısı kontrol standartlarımız titizlikle yeniden gözden geçirilmiştir. Hijyen ve temizlik konusundaki yüksek standartlarımız gereği, odalarınızla ilgili belirttiğiniz aksaklıklar kat hizmetleri ekibimiz tarafından ivedilikle incelenecek ve gerekli önlemler alınacaktır. Sizleri gelecekte çok daha kusursuz bir hizmet anlayışıyla yeniden ağırlamayı ve sizlere gerçek Asteria konforunu yaşatmayı dileriz. Asteria Family Resort Belek Yönetimi"
"Fena değildi, idare eder.  Daha iyi olabilirdi ama fiyat/performans normal.",Pozitif,Genel,"Değerli Misafirimiz, Tesisimizde gerçekleştirdiğiniz konaklamanın ardından değerli vaktinizi ayırarak görüşlerinizi paylaştığınız için teşekkür ederiz. Otelimizin fiyat-performans dengesinin beklentilerinizi karşılamış olmasından memnuniyet duyduk. Sizlere daha üst seviyede bir konaklama deneyimi sunabilmek adına, geri bildirimlerinizi gelişim süreçlerimizde dikkatle değerlendireceğimizi belirtmek isteriz. Sizleri gelecekte çok daha memnun kalacağınız, kusursuz bir tatil deneyimiyle yeniden ağırlamaktan mutluluk duyacağız. Asteria Family Resort Belek Yönetimi"
"Berbat bir yer. Yemekler soğuktu, odalar pislik içinde.,,",Negatif,Genel,"Değerli Misafirimiz, Konaklamanız süresince yaşadığınız olumsuz deneyimler ve paylaştığınız geri bildirimleriniz için teşekkür ederiz. Öncelikle, yemeklerimizin servis sıcaklığı ve oda temizliği konusundaki memnuniyetsizliğiniz bizleri derinden üzmüştür. Tesisimizde hijyen standartları ve gıda kalitesi en üst seviyede tutulmakta olup, belirttiğiniz hususlar kalite kontrol süreçlerimizin gözden geçirilmesi adına ilgili departman yöneticilerimize iletilmiş ve gerekli incelemeler başlatılmıştır. Misafirlerimize sunduğumuz hizmet kalitesini geliştirmek adına tüm geri bildirimlerinizi büyük bir hassasiyetle değerlendirdiğimizi belirtmek isteriz. Sizleri gelecekte, tüm hizmet standartlarımızın eksiksiz karşılandığı çok daha kusursuz bir konaklama deneyimiyle yeniden ağırlamaktan mutluluk duyacağız. Asteria Family Resort Belek Yönetimi"
"Fena değildi, idare eder.  Daha iyi olabilirdi ama fiyat/performans normal.",Pozitif,Genel,"Değerli Misafirimiz, Tesisimizde gerçekleştirdiğiniz konaklama sonrası değerli vaktinizi ayırarak paylaştığınız geri bildiriminiz için teşekkür ederiz. Otelimizin fiyat-performans dengesini makul bulmanız bizleri memnun etmiştir. Bununla birlikte, konaklama deneyiminizin beklentilerinizin ötesine geçmesi ve 'daha iyi' bir noktaya taşınması konusundaki görüşleriniz bizler için çok kıymetlidir. Sizlere her zaman en üst standartlarda hizmet sunmak temel önceliğimizdir. Geliştirmemizi istediğiniz spesifik noktaları bizimle paylaşmanız durumunda, sizlere daha kusursuz bir tatil deneyimi yaşatabilmek adına gerekli çalışmaları hassasiyetle yürüteceğimizi belirtmek isteriz. Sizleri gelecekte çok daha yüksek bir memnuniyet seviyesiyle yeniden ağırlamaktan mutluluk duyacağız. Asteria Family Resort Belek Yönetimi"
Harika bir deneyimdi!   Personel çok ilgiliydi... Herkese tavsiye ederim!!,Pozitif,Genel,"Değerli Misafirimiz, Tesisimizde gerçekleştirdiğiniz konaklama sonrası paylaştığınız kıymetli yorumlarınız ve verdiğiniz tam puan için içtenlikle teşekkür ederiz. Odalarımızın hijyen standartları, oda konumumuzun size sağladığı erişim kolaylığı ve özellikle mutfak ekibimizin hazırladığı zengin lezzet yelpazesinin beğenisini kazanmış olması bizleri çok mutlu etmiştir. Personelimizin misafir odaklı yaklaşımı ve eğlence ekibimizin performansıyla ilgili memnuniyetiniz, tüm çalışma arkadaşlarımız için büyük bir motivasyon kaynağı olmuştur. Sizleri en kısa sürede yeniden ağırlamaktan ve aynı yüksek memnuniyetle uğurlamaktan mutluluk duyacağız. Asteria Family Resort Belek Yönetimi"
"Berbat bir yer. Yemekler soğuktu, odalar pislik içinde.,,",Negatif,Genel,"Değerli Misafirimiz, Konaklamanız sırasında yaşadığınız olumsuz deneyimler ve iletmiş olduğunuz geri bildirimleriniz için teşekkür ederiz. Otelimizde sunduğumuz hizmet standartlarının beklentilerinizin altında kalmış olması bizleri derinden üzmüştür. Özellikle oda temizliği ve yemeklerin servis sıcaklığı ile ilgili belirttiğiniz hususlar, kalite standartlarımızı geliştirmek adına ilgili departman yöneticilerimize iletilmiş olup gerekli incelemeler titizlikle başlatılmıştır. Misafirlerimize en hijyenik ve en kaliteli hizmeti sunmak temel önceliğimizdir. Sizleri gelecekte, bu aksaklıkların giderildiği çok daha kusursuz bir konaklama deneyimi ile yeniden ağırlamaktan mutluluk duyacağız. Asteria Family Resort Belek Yönetimi"
"Fena değildi, idare eder.  Daha iyi olabilirdi ama fiyat/performans normal.",Pozitif,Genel,"Değerli Misafirimiz, Tesisimizde gerçekleştirdiğiniz konaklama sonrası değerli vaktinizi ayırarak paylaştığınız geri bildiriminiz için teşekkür ederiz. Otelimizi fiyat-performans dengesi açısından makul bulmanız bizler için memnuniyet vericidir. 'Daha iyi olabilirdi' şeklinde belirttiğiniz hususlar doğrultusunda, sizlere çok daha kusursuz bir deneyim sunabilmek adına hizmet standartlarımızı geliştirmeye ve misafir memnuniyetini en üst seviyeye çıkarmaya yönelik çalışmalarımızı titizlikle sürdürdüğümüzü belirtmek isteriz. Sizleri gelecekte, beklentilerinizin ötesinde bir konaklama deneyimiyle yeniden ağırlamaktan mutluluk duyacağız. Asteria Family Resort Belek Yönetimi"
Harika bir deneyimdi!   Personel çok ilgiliydi... Herkese tavsiye ederim!!,Pozitif,Genel,"Değerli Misafirimiz, Otelimizde gerçekleştirdiğiniz konaklamanızın ardından paylaştığınız bu kıymetli geri bildirimleriniz ve tavsiyeleriniz için içtenlikle teşekkür ederiz. Odalarımızın temizliği, zengin büfe çeşitliliğimiz ve özellikle snack ile gözleme evi gibi alternatif lezzet noktalarımızın memnuniyetinizle buluşmuş olması bizleri oldukça mutlu etti. Ayrıca, eğlence ekibimizin ve DJ performanslarımızın tatilinize keyif katmış olması, personelimizin ilgili yaklaşımının takdir edilmesi tüm ekibimiz için büyük bir motivasyon kaynağıdır. Sizleri ve sevdiklerinizi en kısa sürede yeniden Asteria Family Resort Belek çatısı altında ağırlamaktan büyük mutluluk duyacağız. Asteria Family Resort Belek Yönetimi"
"Berbat bir yer. Yemekler soğuktu, odalar pislik içinde.,,",Negatif,Genel,"Değerli Misafirimiz, Konaklamanızla ilgili paylaşmış olduğunuz geri bildirimleriniz için teşekkür ederiz. Tesisimizde geçirdiğiniz sürenin beklentilerinizin altında kalmış olması bizleri derinden üzmüştür. Yemeklerimizin servis sıcaklıkları ve odalarımızın temizlik standartları ile ilgili belirttiğiniz hususlar, ilgili departman yöneticilerimize iletilmiş olup gerekli incelemeler ivedilikle başlatılmıştır. Misafirlerimize her zaman en hijyenik ve kaliteli hizmeti sunmak temel önceliğimizdir; yaşadığınız aksaklıkların tekrarlanmaması adına gerekli önlemlerin alınacağını ve hizmet kalitemizi artırmak için çalışmalarımızın sürdüğünü belirtmek isteriz. Sizleri gelecekte, tüm standartlarımızın eksiksiz olduğu çok daha kusursuz bir konaklama deneyimiyle yeniden ağırlamaktan mutluluk duyacağız. Asteria Family Resort Belek Yönetimi"
"Fena değildi, idare eder.  Daha iyi olabilirdi ama fiyat/performans normal.",Pozitif,Genel,"Değerli Misafirimiz, Tesisimizde gerçekleştirdiğiniz konaklama sonrası vakit ayırıp değerli görüşlerinizi paylaştığınız için teşekkür ederiz. Otelimizin fiyat-performans dengesini makul bulmanız bizleri memnun etmiştir. Bununla birlikte, deneyiminizin daha iyi olabileceğine dair geri bildiriminiz, hizmet standartlarımızı daha üst seviyelere taşımak ve sizlere kusursuz bir tatil sunabilmek adına bizler için yol göstericidir. Sizleri gelecekte, beklentilerinizin ötesinde bir memnuniyetle yeniden ağırlamaktan mutluluk duyacağız. Asteria Family Resort Belek Yönetimi"
Harika bir deneyimdi!   Personel çok ilgiliydi... Herkese tavsiye ederim!!,Pozitif,Genel,"Değerli Misafirimiz, Otelimizde gerçekleştirdiğiniz konaklamadan bu denli memnun kalmanız ve değerli vaktinizi ayırarak deneyimlerinizi paylaşmanız bizleri çok mutlu etti. Odalarımızın temizliği, konakladığınız odanın konumu ve gastronomi ekibimizin hazırladığı zengin menülerden memnun kalmış olmanız, sunduğumuz hizmet standartlarının bir yansımasıdır. Ayrıca, eğlence ekibimizin ve DJ performanslarımızın tatilinize renk katmış olması bizleri ayrıca motive etti. Personelimizin ilgisi ve güler yüzlü yaklaşımının sizde bıraktığı olumlu izler için tüm ekibimiz adına teşekkür ederiz. Sizleri en kısa sürede tekrar ağırlamaktan büyük mutluluk duyacağız. Asteria Family Resort Belek Yönetimi"
"Berbat bir yer. Yemekler soğuktu, odalar pislik içinde.,,",Negatif,Genel,"Değerli Misafirimiz, Tesisimiz hakkındaki görüşlerinizi bizlerle paylaştığınız için teşekkür ederiz. Konaklamanız sırasında yemeklerin sıcaklığı ve oda temizliği konusunda yaşadığınız memnuniyetsizliği derin bir üzüntüyle karşıladık. Misafirlerimize her zaman en yüksek standartlarda hizmet sunmak temel önceliğimizdir; bu doğrultuda geri bildirimleriniz ivedilikle ilgili departman yöneticilerimize iletilmiş ve gerekli iyileştirmelerin yapılması adına süreç başlatılmıştır. Sizleri gelecekte, tüm detaylarıyla kusursuz bir konaklama deneyimi yaşatabilmek adına yeniden ağırlamaktan mutluluk duyacağız. Asteria Family Resort Belek Yönetimi"
"Fena değildi, idare eder.  Daha iyi olabilirdi ama fiyat/performans normal.",Pozitif,Genel,"Değerli Misafirimiz, Tesisimizde gerçekleştirdiğiniz konaklama sonrası değerli vaktinizi ayırarak görüşlerinizi paylaştığınız için teşekkür ederiz. Otelimizin sunduğu hizmet standartları ile fiyat-performans dengesini makul bulmanız bizler için kıymetlidir. Sizlere çok daha kusursuz ve yüksek memnuniyet seviyesinde bir deneyim sunabilmek adına, gelişim alanlarımızı belirlemek amacıyla tüm geri bildirimlerimizi titizlikle analiz ettiğimizi belirtmek isteriz. Sizleri gelecekte daha memnun kalacağınız bir konaklama deneyimiyle yeniden ağırlamayı dileriz. Asteria Family Resort Belek Yönetimi"
Harika bir deneyimdi!   Personel çok ilgiliydi... Herkese tavsiye ederim!!,Pozitif,Genel,"Değerli Misafirimiz, Otelimizde gerçekleştirdiğiniz konaklamanın sizin için harika bir deneyime dönüşmüş olmasından ve tesisimizi gönül rahatlığıyla tavsiye etmenizden dolayı büyük bir mutluluk duyduk. Özellikle odalarımızın temizliği, yemeklerimizin zengin çeşitliliği, personelimizin ilgi ve alakası ile akşam eğlencelerimizden memnun kalmış olmanız, tüm ekibimizin sunduğu hizmet kalitesinin bir karşılığı olarak bizleri oldukça motive etmiştir. Sizleri ve sevdiklerinizi en kısa sürede tekrar ağırlamak ve aynı yüksek memnuniyeti yeniden yaşatmak dileğiyle. Asteria Family Resort Belek Yönetimi"
"Berbat bir yer. Yemekler soğuktu, odalar pislik içinde.,,",Negatif,Genel,"Değerli Misafirimiz, Tesisimizle ilgili paylaşmış olduğunuz geri bildirimleriniz için teşekkür ederiz. Konaklamanız süresince yemeklerin sıcaklığı ve oda temizliği konusunda yaşadığınız memnuniyetsizlik bizi derin bir üzüntüye uğratmıştır. Hijyen standartlarımız ve gastronomi hizmetlerimiz, otelimizin en temel öncelikleri arasında yer almakta olup, tüm süreçler ilgili departman yöneticilerimiz tarafından titizlikle denetlenmektedir. Belirttiğiniz hususlar, hizmet kalitemizi geliştirmek adına ilgili birimlerimize iletilmiş ve gerekli incelemeler başlatılmıştır. Yaşadığınız bu olumsuz deneyimi telafi edebilmek ve sizlere gerçek hizmet kalitemizi gösterebilmek adına, sizleri gelecekte çok daha kusursuz bir konaklama deneyimi ile yeniden ağırlamaktan mutluluk duyacağımızı belirtmek isteriz. Asteria Family Resort Belek Yönetimi"
"Fena değildi, idare eder.  Daha iyi olabilirdi ama fiyat/performans normal.",Pozitif,Genel,"Değerli Misafirimiz, Tesisimizde gerçekleştirdiğiniz konaklama sonrası değerli vaktinizi ayırıp görüşlerinizi paylaştığınız için teşekkür ederiz. Deneyiminizi genel anlamda yeterli bulmanız ve özellikle fiyat-performans dengesi konusundaki olumlu yaklaşımınız bizler için kıymetlidir. Bununla birlikte, konaklamanızın beklentilerinizin üzerinde geçmesi adına geliştirilebilecek noktalar olduğuna dair geri bildiriminiz, hizmet kalitemizi daha da yukarı taşımak adına bizlere yol gösterici olacaktır. Sizleri gelecekte ağırladığımızda, standartlarımızı aşan çok daha kusursuz ve memnuniyet verici bir konaklama deneyimi yaşatmayı hedefliyoruz. Sizleri yeniden otelimizde ağırlamaktan mutluluk duyacağız. Asteria Family Resort Belek Yönetimi"
Harika bir deneyimdi!   Personel çok ilgiliydi... Herkese tavsiye ederim!!,Pozitif,Genel,"Değerli Misafirimiz, Otelimizde gerçekleştirdiğiniz konaklamanız boyunca odalarımızın temizliğinden, yemeklerimizin çeşitliliğinden ve eğlence programlarımızdan bu denli memnun kalmış olmanız bizleri çok mutlu etti. Özellikle konum avantajımızdan faydalanmanız ve ekibimizin ilgisini takdir etmeniz, tüm ekibimiz adına bizleri samimiyetle motive etmiştir. Sizlere sunduğumuz bu kaliteli deneyimin hafızanızda güzel bir yer edinmiş olması en büyük önceliğimizdir. Nazik tavsiyeleriniz ve değerli geri bildirimleriniz için teşekkür eder, sizleri en kısa sürede yeniden ağırlamaktan mutluluk duyacağımızı belirtmek isteriz. Asteria Family Resort Belek Yönetimi"
"Berbat bir yer. Yemekler soğuktu, odalar pislik içinde.,,",Negatif,Genel,"Değerli Misafirimiz, Tesisimizde konakladığınız süre boyunca yaşadığınız memnuniyetsizlikler ve paylaştığınız olumsuz geri bildirimleriniz için üzgün olduğumuzu belirtmek isteriz. Yemeklerimizin servis sıcaklığı ve oda temizliği konusundaki hassasiyetiniz, ilgili departman müdürlerimize iletilmiş olup gerekli denetimler ve iyileştirmeler titizlikle gerçekleştirilecektir. Misafirlerimize her daim en hijyenik ve kaliteli hizmeti sunmak temel önceliğimiz olup, standartlarımızın korunması adına tüm ekiplerimiz özveriyle çalışmaktadır. Yaşanan bu aksaklıkların telafisi adına, sizleri gelecekte çok daha kusursuz bir konaklama deneyimiyle yeniden ağırlamaktan mutluluk duyacağız. Asteria Family Resort Belek Yönetimi"
"Fena değildi, idare eder.  Daha iyi olabilirdi ama fiyat/performans normal.",Negatif,Genel,"Değerli Misafirimiz, Tesisimizde gerçekleştirdiğiniz konaklama sonrası kıymetli vaktinizi ayırarak geri bildirimlerinizi paylaştığınız için teşekkür ederiz. Otelimizi fiyat-performans dengesi açısından makul bulmanız bizler için memnuniyet vericidir. Bununla birlikte, konaklama deneyiminizin beklentilerinizin tam anlamıyla karşılanmadığını ve 'daha iyi olabileceğini' belirtmiş olmanız, hizmet kalitemizi geliştirmek adına bizler için önemli bir veri niteliğindedir. Misafirlerimize her daim kusursuz bir tatil deneyimi sunabilmek adına tüm departmanlarımızla çalışmalarımızı titizlikle sürdürdüğümüzü belirtmek isteriz. Bir sonraki ziyaretinizde, standartlarımızı daha da yükselterek sizlere çok daha memnuniyet verici bir konaklama deneyimi yaşatmayı arzu ederiz. Asteria Family Resort Belek Yönetimi"
Harika bir deneyimdi!   Personel çok ilgiliydi... Herkese tavsiye ederim!!,Pozitif,Genel,"Değerli Misafirimiz, Otelimizde gerçekleştirdiğiniz konaklamanın sizin için harika bir deneyime dönüşmüş olması ve ekibimizin misafirperverliğinden memnun kalmanız bizleri son derece mutlu etmiştir. Sizleri memnuniyetle ağırlamak ve bu pozitif deneyimi paylaşmak, hizmet kalitemizi her zaman en üst seviyede tutma gayretimiz için bizlere büyük bir motivasyon kaynağı olmaktadır. Nazik tavsiyeleriniz ve değerli geri bildiriminiz için teşekkür eder, sizleri en kısa sürede tekrar otelimizde ağırlamaktan mutluluk duyacağımızı belirtmek isteriz. Asteria Family Resort Belek Yönetimi"
"Berbat bir yer. Yemekler soğuktu, odalar pislik içinde.,,",Negatif,Genel,"Değerli Misafirimiz, Konaklamanız sonrası iletmiş olduğunuz geri bildirimleriniz için teşekkür ederiz. Yemeklerimizin servis sıcaklığı ve oda temizliği konusundaki memnuniyetsizliğiniz bizleri derinden üzmüştür. Hijyen standartlarımız ve gastronomi kalitemiz, tesisimizin öncelikleri arasında yer almakta olup, belirttiğiniz hususlar ivedilikle ilgili departman müdürlerimize iletilmiş ve gerekli denetimler başlatılmıştır. Sizlere daha kusursuz bir konaklama deneyimi sunabilmek adına çalışmalarımıza aralıksız devam ettiğimizi belirtmek isteriz. Gelecekte sizi tekrar ağırlayarak, gelişmiş hizmet kalitemizle memnuniyetinizi kazanmayı dileriz. Asteria Family Resort Belek Yönetimi"
"Fena değildi, idare eder.  Daha iyi olabilirdi ama fiyat/performans normal.",Pozitif,Genel,"Değerli Misafirimiz, Tesisimizde gerçekleştirdiğiniz konaklama sonrası değerli vaktinizi ayırarak paylaştığınız geri bildiriminiz için teşekkür ederiz. Otelimizin fiyat-performans dengesini makul bulmanız bizler için memnuniyet vericidir. Misafirlerimize sunduğumuz hizmet kalitesini her geçen gün daha yukarı taşımak adına, 'daha iyi olabilirdi' şeklinde belirttiğiniz görüşlerinizi gelişim sürecimizin bir parçası olarak değerlendireceğiz. Sizleri gelecekte, beklentilerinizin ötesinde bir konaklama deneyimi sunabilmek adına yeniden ağırlamaktan mutluluk duyacağız. Asteria Family Resort Belek Yönetimi"
Harika bir deneyimdi!   Personel çok ilgiliydi... Herkese tavsiye ederim!!,Pozitif,Genel,"Değerli Misafirimiz, Tesisimizde gerçekleştirdiğiniz konaklamanın ardından paylaştığınız bu kıymetli geri bildirimleriniz ve tavsiyeleriniz için teşekkür ederiz. Odalarımızın temizliği, zengin yemek çeşitliliğimiz ve özellikle personelimizin ilgisiyle ilgili memnuniyetiniz, bizleri samimiyetle motive etmiştir. Konaklamanız boyunca hem gastronomik deneyimlerinizden hem de eğlence aktivitelerimizden keyif almış olmanız bizler için büyük bir mutluluk kaynağıdır. Sizleri en kısa sürede tekrar misafir etmekten ve sizlere yeniden kusursuz bir tatil deneyimi sunmaktan kıvanç duyarız. Asteria Family Resort Belek Yönetimi"
"Berbat bir yer. Yemekler soğuktu, odalar pislik içinde.,,",Negatif,Genel,"Değerli Misafirimiz, Konaklamanızla ilgili paylaşmış olduğunuz olumsuz geri bildirimleriniz bizleri derinden üzmüştür. Tesisimizde hijyen standartlarının korunması ve yemeklerin ideal sıcaklıkta servis edilmesi, misafir memnuniyeti politikamızın en temel öncelikleri arasında yer almaktadır. Belirttiğiniz oda temizliği ve yemek servis sıcaklığıyla ilgili aksaklıklar, gerekli incelemelerin yapılması ve hizmet kalitemizin geliştirilmesi adına ilgili departman yöneticilerimize ivedilikle iletilmiştir. Sizleri gelecekte, tüm standartlarımızın eksiksiz karşılandığı ve çok daha memnun kalacağınız bir konaklama deneyimi ile yeniden ağırlamayı dileriz. Asteria Family Resort Belek Yönetimi"
"Fena değildi, idare eder.  Daha iyi olabilirdi ama fiyat/performans normal.",Pozitif,Genel,"Değerli Misafirimiz, Konaklamanız sonrası değerli vaktinizi ayırarak paylaştığınız görüşleriniz için teşekkür ederiz. Tesisimizin fiyat-performans dengesini makul bulmanız bizleri memnun etmiştir. Bununla birlikte, deneyiminizin beklentilerinizin tamamen üzerinde olması ve sizlere çok daha kusursuz bir tatil sunabilmek adına, belirttiğiniz 'daha iyi olabilir' noktalarını gelişim alanlarımız olarak not ettiğimizi bilmenizi isteriz. Sizleri gelecekte, çok daha yüksek bir memnuniyet düzeyiyle yeniden ağırlamaktan mutluluk duyacağız. Asteria Family Resort Belek Yönetimi"
Harika bir deneyimdi!   Personel çok ilgiliydi... Herkese tavsiye ederim!!,Pozitif,Genel,"Değerli Misafirimiz, Otelimizde geçirdiğiniz süreci 'harika bir deneyim' olarak tanımlamanız ve ekibimizin ilgisinden memnun kalmanız bizleri son derece mutlu etmiştir. Sizleri ağırlamaktan ve memnuniyetinizi görerek tavsiyelerinizi almaktan büyük kıvanç duyuyoruz. Bu güzel geri bildirimlerinizi ilgili departmanlarımızla paylaşarak motivasyonumuzu artıracağız. Sizleri en kısa sürede yeniden otelimizde ağırlamaktan mutluluk duyarız. Asteria Family Resort Belek Yönetimi"
"Berbat bir yer. Yemekler soğuktu, odalar pislik içinde.,,",Negatif,Genel,"Değerli Misafirimiz, Tesisimizle ilgili paylaşmış olduğunuz geri bildirimleriniz için teşekkür ederiz. Konaklamanız süresince yemeklerimizin servis sıcaklığı ve oda temizliği konusunda yaşadığınız memnuniyetsizliği üzüntüyle karşıladık. Restoranlarımızda, gıda güvenliği ve servis standartları gereği sıcak servis protokolleri büyük bir hassasiyetle uygulanmakta olup, belirttiğiniz hususlar mutfak yönetim ekibimize iletilmiş ve gerekli denetimlerin artırılması sağlanmıştır. Hijyen standartlarımız konusunda ise kat hizmetleri ekibimiz, tüm odalarda yüksek kalite standartlarını korumak adına titizlikle çalışmaktadır; yaşadığınız aksaklığın kaynağını tespit etmek ve hizmet kalitemizi geliştirmek adına ilgili departmanlarımızda gerekli incelemeler başlatılmıştır. Sizleri gelecekte, tüm beklentilerinizi karşılayan daha kusursuz bir konaklama deneyimiyle yeniden ağırlamaktan mutluluk duyacağımızı belirtmek isteriz. Asteria Family Resort Belek Yönetimi"
"Fena değildi, idare eder.  Daha iyi olabilirdi ama fiyat/performans normal.",Negatif,Genel,"Değerli Misafirimiz, Tesisimizde gerçekleştirdiğiniz konaklama sonrası vakit ayırarak paylaştığınız geri bildirimleriniz için teşekkür ederiz. Konaklama deneyiminizin genel olarak beklentilerinizi karşılamış olmasıyla birlikte, hizmetlerimizin 'daha iyi olabileceği' yönündeki görüşleriniz bizler için oldukça kıymetlidir. Sizlere her zaman en üst standartlarda hizmet sunmak ve misafirlerimizin beklentilerini aşmak temel önceliğimizdir. Bu doğrultuda, deneyiminizi mükemmelleştirmek adına gelişim alanlarımızı belirlemek üzere görüşlerinizi dikkatle değerlendireceğiz. Fiyat-performans dengemiz konusundaki değerlendirmeniz için teşekkür eder, sizleri gelecekte çok daha memnun kalacağınız ve eksiksiz bulacağınız bir konaklama deneyimi ile yeniden ağırlamayı dileriz. Asteria Family Resort Belek Yönetimi"
Harika bir deneyimdi!   Personel çok ilgiliydi... Herkese tavsiye ederim!!,Pozitif,Genel,"Değerli Misafirimiz, Tesisimizde gerçekleştirdiğiniz konaklamanın sizin için harika bir deneyime dönüşmüş olması ve personelimizin ilgisinden memnun kalmanız bizleri son derece mutlu etmiştir. Nazik tavsiyeleriniz ve değerli geri bildirimleriniz, tüm ekibimiz için büyük bir motivasyon kaynağı olmuştur. Sizleri en kısa sürede tekrar ağırlamaktan mutluluk duyacağız. Asteria Family Resort Belek Yönetimi"
"Berbat bir yer. Yemekler soğuktu, odalar pislik içinde.,,",Negatif,Genel,"Değerli Misafirimiz, Konaklamanızla ilgili deneyimlerinizi paylaştığınız için teşekkür ederiz. Tesisimizde geçirdiğiniz süre boyunca beklentilerinizin karşılanmamış olması bizleri oldukça üzmüştür. Yemeklerimizin servis sıcaklığı ve oda temizliği konusundaki geri bildirimleriniz, hizmet kalitemizi artırmak adına ilgili departman yöneticilerimize iletilmiş ve gerekli incelemeler başlatılmıştır. Normal şartlarda yüksek hijyen standartları ve gıda güvenliği protokolleri ile hizmet veren ekibimizin, belirttiğiniz noktaları önceliklendirerek gerekli hassasiyeti göstereceğinden emin olabilirsiniz. Sizleri gelecekte, tüm detaylarıyla memnun kalacağınız kusursuz bir konaklama deneyimi ile yeniden ağırlamaktan mutluluk duyacağız. Asteria Family Resort Belek Yönetimi"
"Fena değildi, idare eder.  Daha iyi olabilirdi ama fiyat/performans normal.",Pozitif,Genel,"Değerli Misafirimiz, Tesisimizde gerçekleştirdiğiniz konaklama sonrası değerli vaktinizi ayırarak görüşlerinizi paylaştığınız için teşekkür ederiz. Konaklama deneyiminizin genel olarak beklentilerinizi karşılamış olması ve tesisimizin fiyat-performans dengesini makul bulmanız bizler için kıymetlidir. 'Daha iyi olabilirdi' şeklinde belirttiğiniz geri bildiriminiz, hizmet kalitemizi her geçen gün daha üst seviyelere taşımak adına bizler için yol gösterici bir nitelik taşımaktadır. Sizleri gelecekte, her detayıyla çok daha memnun kalacağınız ve beklentilerinizin üzerinde bir tatil deneyimi sunabileceğimiz bir konaklamada yeniden ağırlamaktan mutluluk duyacağız. Asteria Family Resort Belek Yönetimi"
Harika bir deneyimdi!   Personel çok ilgiliydi... Herkese tavsiye ederim!!,Pozitif,Genel,"Değerli Misafirimiz, Tesisimizde gerçekleştirdiğiniz konaklamanın sizin için harika bir deneyime dönüşmüş olmasından dolayı büyük bir mutluluk duyuyoruz. Odalarımızın temizliği, konum avantajımız ve özellikle mutfağımızdaki zengin çeşitliliğin beklentilerinizi karşılamış olması bizler için oldukça kıymetlidir. Ekibimizin ilgisinden memnun kalmanız ve otelimizi gönül rahatlığıyla tavsiye etmeniz, tüm çalışma arkadaşlarımız adına bizleri samimiyetle motive etmiştir. Sizleri en kısa sürede tekrar misafir etmekten kıvanç duyarız. Asteria Family Resort Belek Yönetimi"
"Berbat bir yer. Yemekler soğuktu, odalar pislik içinde.,,",Negatif,Genel,"Değerli Misafirimiz, Tesisimizde konakladığınız süre boyunca yaşadığınız memnuniyetsizlikler ve paylaştığınız olumsuz geri bildirimleriniz bizleri derinden üzmüştür. Yemeklerimizin servis sıcaklığı ve oda temizliği konusundaki standartlarımızın beklentilerinizin altında kalmış olması, hizmet kalitemizi geliştirmemiz adına bizler için önemli bir uyarı niteliğindedir. Belirttiğiniz hususlar, ilgili departman yöneticilerimize iletilmiş olup; mutfak operasyonlarımız ve kat hizmetleri denetim süreçlerimiz üzerinde gerekli iyileştirmeler ivedilikle başlatılmıştır. Sizleri gelecekte daha kusursuz ve memnuniyet verici bir konaklama deneyimiyle yeniden ağırlayarak bu olumsuz izlenimleri silmeyi dileriz. Asteria Family Resort Belek Yönetimi"
"Fena değildi, idare eder.  Daha iyi olabilirdi ama fiyat/performans normal.",Pozitif,Genel,"Degerli Misafirimiz, Tesisimizde gerçekleştirdiğiniz konaklamanın ardından değerli görüşlerinizi paylaştığınız için teşekkür ederiz. Otelimizi fiyat-performans dengesi açısından makul bulmanız bizleri memnun etmiştir. Bununla birlikte, deneyiminizin 'daha iyi olabilirdi' yönündeki geri bildiriminizi, hizmet standartlarımızı daha da yukarı taşımak ve sizlere kusursuz bir hizmet sunabilmek adına dikkatle not aldık. Sizleri gelecekte tekrar ağırlayarak, beklentilerinizin ötesinde bir konaklama deneyimi yaşatmayı çok isteriz. Asteria Family Resort Belek Yönetimi"
Harika bir deneyimdi!   Personel çok ilgiliydi... Herkese tavsiye ederim!!,Pozitif,Genel,"Değerli Misafirimiz, Tesisimizde gerçekleştirdiğiniz konaklamadan bu denli memnun kalmanız ve deneyiminizi detaylandırarak paylaşmanız bizleri çok mutlu etti. Odalarımızın temizliği, büfemizdeki lezzet çeşitliliği ve özellikle snack ile gözleme evimizden aldığınız keyif, ekiplerimizin özverili çalışmalarının bir sonucudur. Ayrıca konakladığınız odanın konumu ve eğlence programlarımızın beklentilerinizi karşılamış olması bizler için kıymetlidir. Personelimizin ilgisinden memnun kalmanız ve otelimizi tavsiye etmeniz en büyük motivasyon kaynağımızdır. Sizleri en kısa sürede tekrar ağırlamaktan mutluluk duyacağız. Asteria Family Resort Belek Yönetimi"
"Berbat bir yer. Yemekler soğuktu, odalar pislik içinde.,,",Negatif,Genel,"Değerli Misafirimiz, Tesisimizle ilgili paylaşmış olduğunuz geri bildirimleriniz için teşekkür ederiz. Öncelikle, konaklamanız süresince yemeklerimizin servis sıcaklığı ve oda temizliği konusunda beklentilerinizi karşılayamadığımız için üzüntülerimizi belirtmek isteriz. Hijyen standartlarımız ve yemek kalitemiz, misafir memnuniyeti odaklı politikalarımızın temelini oluşturmaktadır. Belirttiğiniz hususlar, gerekli incelemelerin yapılması ve hizmet kalitemizin artırılması adına ivedilikle ilgili departman müdürlerimize iletilmiştir. Sizleri gelecekte çok daha kusursuz bir hizmet anlayışıyla ve memnuniyetle ayrılacağınız bir konaklama deneyimi için tekrar ağırlamayı dileriz. Asteria Family Resort Belek Yönetimi"
"Fena değildi, idare eder.  Daha iyi olabilirdi ama fiyat/performans normal.",Negatif,Genel,"Değerli Misafirimiz, Öncelikle konaklamanızın ardından değerli vaktinizi ayırarak görüşlerinizi bizlerle paylaştığınız için teşekkür ederiz. Otelimizi fiyat-performans dengesi açısından beklentilerinize uygun bulmanıza sevinmekle birlikte, sizlere çok daha kusursuz bir deneyim sunamadığımız için üzgünüz. Misafirlerimizin memnuniyetini en üst seviyede tutmak adına tesisimizdeki hizmet standartlarını her geçen gün geliştirmeye ve yenilemeye büyük önem veriyoruz. Daha iyi bir konaklama deneyimi yaşatabilmek adına yaptığınız bu yapıcı geri bildirim, ilgili departman yöneticilerimize iletilmiştir. Sizleri gelecekte beklentilerinizin çok daha ötesinde, tamamen memnun kalacağınız bir tatil deneyimiyle otelimizde yeniden ağırlamaktan mutluluk duyacağız. Asteria Family Resort Belek Yönetimi"
Harika bir deneyimdi!   Personel çok ilgiliydi... Herkese tavsiye ederim!!,Pozitif,Genel,"Değerli Misafirimiz, Otelimizde gerçekleştirdiğiniz konaklamanın sizler için harika bir deneyime dönüşmesinden ve çalışma arkadaşlarımızın gösterdiği içten ilgiden memnun kalmanızdan büyük bir mutluluk duyduk. Misafir memnuniyetini her zaman en ön planda tutan tesisimizi böylesi güzel cümlelerle taçlandırıp herkese tavsiye etmeniz, tüm ekibimizi samimiyetle motive etmiştir. Sizleri en kısa sürede Asteria Family Resort Belek bünyesinde yeniden ağırlamaktan kıvanç duyacağız. Asteria Family Resort Belek Yönetimi"
"Berbat bir yer. Yemekler soğuktu, odalar pislik içinde.,,",Negatif,Genel,"Değerli Misafirimiz, Öncelikle otelimizde gerçekleştirmiş olduğunuz konaklamanın ardından değerli geri bildirimlerinizi bizlerle paylaştığınız için teşekkür ederiz. Tesisimizde misafir memnuniyetini en üst seviyede tutmayı hedeflerken, sizleri beklentilerinizin altında bir hizmetle uğurlamış olmaktan dolayı derin bir üzüntü duyduğumuzu belirtmek isteriz. Odalarımızın temizliği konusunda kat hizmetleri (HK) departmanımız son derece titiz ve belirli hijyen standartlarına uygun olarak çalışmaktadır. Yaşadığınızı belirttiğiniz bu olumsuz durum, standart hizmet kalitemizle kesinlikle bağdaşmamakta olup, gerekli uyarılar ve aksiyonlar adına ilgili departman yöneticilerimize iletilmiştir. Yemeklerimizin sıcaklığı konusunda ise, ana restoranımızda sunulan tüm lezzetlerin sıcaklık kontrolleri gıda mühendislerimiz eşliğinde periyodik olarak ölçülmekte ve büfelerimiz belirli ısı standartlarında muhafaza edilmektedir. Yaşadığınız aksaklığın anlık bir durumdan kaynaklanmış olabileceğini değerlendiriyor, bu konudaki takibimizi daha da sıkılaştıracağımızı bilmenizi istiyoruz. Sizleri gelecekte otelimizde yeniden ağırlayarak, sizlere hak ettiğiniz kalitede ve çok daha kusursuz bir konaklama deneyimi sunmayı dileriz. Asteria Family Resort Belek Yönetimi"
"Fena değildi, idare eder.  Daha iyi olabilirdi ama fiyat/performans normal.",Pozitif,Genel,"Değerli Misafirimiz, Öncelikle tesisimizi ziyaret ederek konaklama deneyiminizi bizlerle paylaştığınız için teşekkür ederiz. Otelimizin sunduğu hizmeti fiyat-performans dengesi açısından makul bulmanızdan memnuniyet duyduk. Misafirlerimize her zaman en iyi standartlarda hizmet sunmayı ilke ediniyor, tatil deneyiminizi daha da yukarı taşımak adına kendimizi ve tesisimizi sürekli olarak yenilemeye devam ediyoruz. Sizlerin değerli geri bildirimleri, gelişim yolculuğumuzda bizler için en önemli rehberdir. Sizleri gelecekte daha kusursuz ve beklentilerinizin de ötesinde bir tatil deneyimiyle yeniden aramızda ağırlamaktan mutluluk duyacağız. Asteria Family Resort Belek Yönetimi"
Harika bir deneyimdi!   Personel çok ilgiliydi... Herkese tavsiye ederim!!,Pozitif,Personel,"Değerli Misafirimiz, Otelimizde gerçekleştirdiğiniz konaklamanın sizler için harika bir deneyimle sonuçlanmış olmasından ve özellikle ekip arkadaşlarımızın gösterdiği samimi ilgi ile alakadan memnun kalmanızdan büyük bir mutluluk duyduk. Tesisimizde sunduğumuz hizmet standartlarını en üst seviyede tutarak misafirlerimize unutulmaz anlar yaşatmak bizler için en büyük önceliktir. Bu nazik geri bildiriminiz ve değerli tavsiyeniz için teşekkür eder, sizleri en kısa sürede otelimizde yeniden ağırlamaktan onur duyacağımızı belirtmek isteriz. Asteria Family Resort Belek Yönetimi"
"Berbat bir yer. Yemekler soğuktu, odalar pislik içinde.,,",Negatif,Genel,"Değerli Misafirimiz, Otelimizde gerçekleştirdiğiniz konaklamanın ardından paylaştığınız geri bildiriminiz için teşekkür ederiz. Misafirlerimize sunduğumuz yüksek hizmet standartlarının beklentilerinizi karşılamamış olmasından dolayı derin üzüntü duyduğumuzu belirtmek isteriz. Yemeklerimizin sıcaklığı konusunda; açık büfe ve snack alanlarımızdaki tüm sıcak servis üniteleri, gıda güvenliği (HACCP) ve kalite standartlarımız gereği sürekli olarak ısı kontrol testlerine tabi tutulmakta ve belirli derecelerde muhafaza edilmektedir. Yaşadığınız bu istisnai durumu, gerekli hassasiyetin en üst düzeye çıkarılması adına mutfak şefimiz ve servis ekibimizle hızlıca paylaştık. Odalarımızın temizliği hususuna gelecek olursak; kat hizmetleri (HK) departmanımız, odalarımızı her misafir girişinden önce yüksek hijyen standartlarında ve titizlikle dezenfekte ederek hazır hale getirmektedir. Temizlik konusundaki bu geri bildiriminizi münferit bir durum olarak değerlendiriyor, konuyla ilgili kat şeflerimizi uyararak gerekli ek kontrolleri başlattığımızı bilmenizi istiyoruz. Sizlere gelecekte otelimizin gerçek kalitesini ve kusursuz misafirperverliğini tekrar yaşatabilmek adına sizleri yeniden tesisimizde ağırlamaktan mutluluk duyacağız. Asteria Family Resort Belek Yönetimi"
"Fena değildi, idare eder.  Daha iyi olabilirdi ama fiyat/performans normal.",Pozitif,Genel,"Değerli Misafirimiz, Tesisimizde gerçekleştirdiğiniz konaklamanıza yönelik değerlendirmeniz ve otelimizin fiyat-performans dengesini makul bulduğunuzu belirten geri bildiriminiz için teşekkür ederiz. Hizmet kalitemizi her geçen gün daha da yukarı taşımak ve misafirlerimize kusursuz bir tatil deneyimi sunabilmek adına, 'daha iyi olabilirdi' şeklinde belirttiğiniz görüşlerinizi ilgili departmanlarımızla titizlikle paylaştığımızı bilmenizi isteriz. Sizlerin memnuniyeti doğrultusunda kendimizi ve hizmet kalitemizi sürekli geliştirmeye devam edeceğiz. Sizleri gelecekte beklentilerinizin çok daha üzerinde bir konaklama deneyimiyle yeniden ağırlamaktan memnuniyet duyacağız. Asteria Family Resort Belek Yönetimi"
Harika bir deneyimdi!   Personel çok ilgiliydi... Herkese tavsiye ederim!!,Pozitif,Personel,"Değerli Misafirimiz, Otelimizde geçirdiğiniz sürenin sizler için harika bir deneyime dönüşmesi ve özellikle ekibimizin gösterdiği sıcak, ilgili yaklaşımı birebir tecrübe etmiş olmanız bizler için son derece kıymetlidir. Misafir memnuniyetini her zaman en üst seviyede tutmayı hedefleyen çalışma arkadaşlarımızın bu özverili gayretinin sizler tarafından takdir edilmesi ve otelimizi gönül rahatlığıyla tavsiye etmeniz bizleri samimiyetle motive etmiştir. Sizleri en kısa sürede Asteria Family Resort Belek ailesi olarak yeniden ağırlamaktan kıvanç duyarız. Asteria Family Resort Belek Yönetimi"
"Berbat bir yer. Yemekler soğuktu, odalar pislik içinde.,,",Negatif,Genel,"Değerli Misafirimiz, Tesisimizde gerçekleştirdiğiniz konaklamanıza ilişkin geri bildiriminiz için teşekkür ederiz. Misafir memnuniyetini en üst seviyede tutmayı ilke edinen otelimizde, paylaştığınız deneyimlerin standartlarımızla uyuşmadığını üzülerek belirtmek isteriz. Odalarımızın temizliği konusunda kat hizmetleri (HK) departmanımız son derece titiz hijyen standartlarıyla çalışmakta olup, her giriş öncesi ve konaklama süresince odalarımız detaylı kontrollerden geçirilmektedir. Benzer şekilde, ana restoranımızda sunulan tüm yemeklerimiz de uluslararası gıda güvenliği standartlarına uygun olarak, ısı koruyucu ünitelerde sürekli sıcaklık kontrolleri yapılarak servis edilmektedir. Belirttiğiniz aksaklıkları, hizmet kalitemizi daha da geliştirmek adına ilgili departman yöneticilerimize ilettiğimizi ve gerekli tedbirleri hassasiyetle aldığımızı bilmenizi isteriz. Sizleri gelecekte otelimizin gerçek kalitesini yansıtacak kusursuz bir konaklama deneyimiyle yeniden ağırlamayı dileriz. Asteria Family Resort Belek Yönetimi"
Harika bir deneyimdi!   Personel çok ilgiliydi... Herkese tavsiye ederim!!,Pozitif,Genel,"Değerli Misafirimiz, Otelimizde gerçekleştirdiğiniz konaklamanızın ardından paylaştığınız bu harika geri bildirim için içtenlikle teşekkür ederiz. Tesisimizde geçirdiğiniz sürenin sizler için kusursuz bir deneyime dönüşmesi ve özellikle çalışma arkadaşlarımızın yakın ilgisinden memnun kalmış olmanız bizleri son derece gururlandırdı. Misafir memnuniyetini her zaman en ön planda tutan hizmet anlayışımızın siz değerli konuklarımızda karşılık bulması ve otelimizi gönül rahatlığıyla tavsiye etmeniz tüm ekibimiz için en büyük motivasyon kaynağıdır. Sizleri gelecekte de aynı yüksek hizmet kalitesiyle otelimizde yeniden ağırlamaktan büyük mutluluk duyacağız. Asteria Family Resort Belek Yönetimi"
